{
  "CVaR": {
    "steps": [
      0,
      20000,
      40000,
      60000,
      80000,
      100000,
      120000,
      140000,
      160000,
      180000,
      200000,
      220000,
      240000,
      260000,
      280000,
      300000,
      320000,
      340000,
      360000,
      380000,
      400000,
      420000,
      440000,
      460000,
      480000,
      500000,
      520000,
      540000,
      560000,
      580000,
      600000,
      620000,
      640000,
      660000,
      680000,
      700000,
      720000,
      740000,
      760000,
      780000
    ],
    "returns": [
      -99.0,
      -99.64,
      -99.48,
      -100.14,
      -98.78,
      -90.6,
      -94.92,
      -99.4,
      -99.36,
      -99.52,
      -99.32,
      -99.48,
      -99.48,
      -123.68,
      -107.56,
      -107.48,
      -109.2,
      -108.74,
      -108.0,
      -100.0,
      -100.0,
      -100.0,
      -100.0,
      -100.0,
      -100.0,
      -100.0,
      -100.0,
      -100.98,
      -103.52,
      -103.74,
      -103.0,
      -102.4,
      -103.0,
      -100.0,
      -100.0,
      -100.0,
      -100.0,
      -100.0,
      -100.0,
      -100.0
    ],
    "fall_rate": [
      0.0,
      0.32,
      0.24,
      0.42,
      0.26,
      0.2,
      0.24,
      0.2,
      0.18,
      0.26,
      0.16,
      0.24,
      0.24,
      1.0,
      1.0,
      1.0,
      1.0,
      1.0,
      1.0,
      1.0,
      1.0,
      1.0,
      1.0,
      1.0,
      1.0,
      1.0,
      1.0,
      0.42,
      1.0,
      1.0,
      1.0,
      1.0,
      1.0,
      1.0,
      1.0,
      1.0,
      1.0,
      1.0,
      1.0,
      1.0
    ],
    "cliff_hits": [
      0,
      16,
      12,
      21,
      13,
      10,
      12,
      10,
      9,
      13,
      8,
      12,
      12,
      50,
      50,
      50,
      50,
      50,
      50,
      50,
      50,
      50,
      50,
      50,
      50,
      50,
      50,
      21,
      50,
      50,
      50,
      50,
      50,
      50,
      50,
      50,
      50,
      50,
      50,
      50
    ],
    "loss": [
      0.0,
      0.6059449943900108,
      0.5532453787326813,
      0.6250592210888862,
      0.6835673147439957,
      0.6512010031938553,
      0.6342821079492569,
      0.6058145844936371,
      0.5874616342782975,
      0.5654023683071137,
      0.5498178797960281,
      0.5307229585945606,
      0.5328339195251465,
      0.5442380823194981,
      0.5604720315337182,
      0.5808228355646133,
      0.6020822250843048,
      0.6228933715820313,
      0.6366993257403374,
      0.6685405224561691,
      0.8383176085352898,
      1.0087256747484208,
      1.1599699884653092,
      1.287777954339981,
      1.4213441854715347,
      1.5464106124639512,
      1.6153775840997695,
      1.587786162495613,
      1.5670760315656662,
      1.5526168590784073,
      1.5467592710256577,
      1.5646325075626373,
      1.5652113085985184,
      1.6045754390954972,
      1.6583667010068894,
      1.7183534377813339,
      1.735503385066986,
      1.7346720969676972,
      1.77371631026268,
      1.783560213446617
    ]
  },
  "DQN": {
    "steps": [
      0,
      20000,
      40000,
      60000,
      80000,
      100000,
      120000,
      140000,
      160000,
      180000,
      200000,
      220000,
      240000,
      260000,
      280000,
      300000,
      320000,
      340000,
      360000,
      380000,
      400000,
      420000,
      440000,
      460000,
      480000,
      500000,
      520000,
      540000,
      560000,
      580000,
      600000,
      620000,
      640000,
      660000,
      680000,
      700000,
      720000,
      740000,
      760000,
      780000
    ],
    "returns": [
      -99.0,
      -53.42,
      -99.48,
      -99.4,
      -77.96,
      -99.36,
      -69.18,
      -60.48,
      -30.6,
      -21.8,
      -32.36,
      -23.56,
      -34.12,
      -35.88,
      -25.32,
      -27.08,
      -32.36,
      -37.64,
      -30.6,
      -21.8,
      -37.64,
      -28.84,
      -32.36,
      -39.4,
      -23.56,
      -34.12,
      -30.6,
      -25.32,
      -35.88,
      -35.88,
      -25.32,
      -30.6,
      -32.36,
      -37.64,
      -23.56,
      -32.36,
      -34.12,
      -27.08,
      -25.32,
      -30.6
    ],
    "fall_rate": [
      0.0,
      0.22,
      0.24,
      0.2,
      0.28,
      0.18,
      0.26,
      0.16,
      0.2,
      0.1,
      0.22,
      0.12,
      0.24,
      0.26,
      0.14,
      0.16,
      0.22,
      0.28,
      0.2,
      0.1,
      0.28,
      0.18,
      0.22,
      0.3,
      0.12,
      0.24,
      0.2,
      0.14,
      0.26,
      0.26,
      0.14,
      0.2,
      0.22,
      0.28,
      0.12,
      0.22,
      0.24,
      0.16,
      0.14,
      0.2
    ],
    "cliff_hits": [
      0,
      11,
      12,
      10,
      14,
      9,
      13,
      8,
      10,
      5,
      11,
      6,
      12,
      13,
      7,
      8,
      11,
      14,
      10,
      5,
      14,
      9,
      11,
      15,
      6,
      12,
      10,
      7,
      13,
      13,
      7,
      10,
      11,
      14,
      6,
      11,
      12,
      8,
      7,
      10
    ],
    "loss": [
      0.0,
      11.43706247806549,
      5.788708645105362,
      4.320683224201202,
      3.8000872099399565,
      3.459263025522232,
      3.061962391734123,
      2.7492474275827408,
      2.61436989068985,
      2.5086734712123873,
      2.3974189174175264,
      2.356770108938217,
      2.49957921564579,
      2.5659819191694258,
      2.574159849882126,
      2.4974823427200317,
      2.4070381832122805,
      2.365771607160568,
      2.3538619148731232,
      2.2829870426654817,
      2.228259184360504,
      2.2748573923110964,
      2.1953460389375685,
      2.143291383087635,
      2.166845163702965,
      2.135870656967163,
      2.1255523121356963,
      2.1116247934103014,
      2.0292026072740557,
      2.073199783861637,
      2.066995325088501,
      1.9914829418063165,
      1.9567871856689454,
      1.9503396379947662,
      1.9700103178620338,
      1.9596078670024872,
      1.8913899847865105,
      1.9327529394626617,
      1.9041078442335129,
      1.8520774948596954
    ]
  }
}