{"label": "CVaR", "seed": 2, "eval_steps": [5008, 10000, 15008, 20000, 25008, 30000, 35008, 40000, 45008, 50000, 55008, 60000, 65008, 70000, 75008, 80000, 85008, 90000, 95008, 100000, 105008, 110000, 115008, 120000, 125008, 130000, 135008, 140000, 145008, 150000, 155008, 160000, 165008, 170000, 175008, 180000, 185008, 190000, 195008, 200000, 205008, 210000, 215008, 220000, 225008, 230000, 235008, 240000, 245008, 250000, 255008, 260000, 265008, 270000, 275008, 280000, 285008, 290000, 295008, 300000], "eval_rewards": [2.524395082084715, 2.524395082084715, 2.581416645591159, 2.524395082084715, 2.524395082084715, 2.524395082084715, 2.524395082084715, 2.524395082084715, 2.524395082084715, 2.524395082084715, 2.524395082084715, 2.524395082084715, 2.524395082084715, 2.524395082084715, 2.4543527057144763, 2.524395082084715, 2.524395082084715, 2.524395082084715, 2.524395082084715, 2.524395082084715, 2.524395082084715, 2.524395082084715, 2.524395082084715, 2.524395082084715, 2.524395082084715, 2.524395082084715, 2.524395082084715, 2.524395082084715, 2.524395082084715, 2.524395082084715, 2.524395082084715, 2.524395082084715, 2.524395082084715, 2.524395082084715, 2.524395082084715, 2.524395082084715, 2.837989536345788, 2.524395082084715, 2.524395082084715, 2.524395082084715, 2.524395082084715, 2.524395082084715, 2.5243570016439962, 2.524395082084715, 2.524395082084715, 2.524395082084715, 2.524395082084715, 2.7346517669295864, 2.524395082084715, 2.5928938216102124, 2.524395082084715, 2.524395082084715, 2.524395082084715, 2.524395082084715, 2.524395082084715, 2.524395082084715, 2.524395082084715, 2.524395082084715, 2.524395082084715, 2.524395082084715], "eval_capitals": [1146.7399785753703, 1146.7399785753703, 1110.610099216043, 1146.7399785753703, 1146.7399785753703, 1146.7399785753703, 1146.7399785753703, 1146.7399785753703, 1146.7399785753703, 1146.7399785753703, 1146.7399785753703, 1146.7399785753703, 1146.7399785753703, 1146.7399785753703, 1041.1969680150405, 1146.7399785753703, 1146.7399785753703, 1146.7399785753703, 1146.7399785753703, 1146.7399785753703, 1146.7399785753703, 1146.7399785753703, 1146.7399785753703, 1146.7399785753703, 1146.7399785753703, 1146.7399785753703, 1146.7399785753703, 1146.7399785753703, 1146.7399785753703, 1146.7399785753703, 1146.7399785753703, 1146.7399785753703, 1146.7399785753703, 1146.7399785753703, 1146.7399785753703, 1146.7399785753703, 465.0577967476538, 1146.7399785753703, 1146.7399785753703, 1146.7399785753703, 1146.7399785753703, 1146.7399785753703, 1304.7352645124206, 1146.7399785753703, 1146.7399785753703, 1146.7399785753703, 1146.7399785753703, 547.4841506239186, 1146.7399785753703, 754.0311313499656, 1146.7399785753703, 1146.7399785753703, 1146.7399785753703, 1146.7399785753703, 1146.7399785753703, 1146.7399785753703, 1146.7399785753703, 1146.7399785753703, 1146.7399785753703, 1146.7399785753703], "eval_risky_frac": [0.0, 0.0, 0.2224, 0.0, 0.0, 0.0, 0.0, 0.0, 0.0, 0.0, 0.0, 0.0, 0.0, 0.0, 0.28600000000000003, 0.0, 0.0, 0.0, 0.0, 0.0, 0.0, 0.0, 0.0, 0.0, 0.0, 0.0, 0.0, 0.0, 0.0, 0.0, 0.0, 0.0, 0.0, 0.0, 0.0, 0.0, 0.736, 0.0, 0.0, 0.0, 0.0, 0.0, 0.064, 0.0, 0.0, 0.0, 0.0, 0.5076, 0.0, 0.1972, 0.0, 0.0, 0.0, 0.0, 0.0, 0.0, 0.0, 0.0, 0.0, 0.0], "converged_capitals": [1635.814147716125, 464.8200750067144, 5759.769408282858, 707.2657158384554, 779.3574990274855, 305.6393023524925, 2409.385551020189, 1635.814147716125, 2571.3256286977044, 382.99993973331556, 1635.814147716125, 5759.769408282858, 382.99993973331556, 512.1993093155163, 408.53326904887, 382.99993973331556, 582.7689919323208, 2571.3256286977044, 1147.9132270971893, 5759.769408282858, 2571.3256286977044, 778.9591179600601, 5759.769408282858, 29.965343243418175, 464.8200750067144, 641.8425349402345, 12901.883474553604, 1075.6185495625841, 886.282374212335, 408.53326904887, 395.8641264901515, 382.99993973331556, 408.53326904887, 5759.769408282858, 422.03922581539746, 464.8200750067142, 359.24607788619966, 221.34289286034016, 382.99993973331556, 48.609780175260816, 582.7689919323211, 221.34289286034016, 2924.1016939196147, 286.5368459554618, 2571.3256286977044, 730.2741730875557, 382.99993973331567, 382.99993973331556, 464.8200750067142, 422.0392258153972, 1146.7399785753703, 1146.7399785753703, 1146.7399785753703, 1146.7399785753703, 1146.7399785753703, 1146.7399785753703, 1146.7399785753703, 1146.7399785753703, 1146.7399785753703, 1146.7399785753703, 1146.7399785753703, 1146.7399785753703, 1146.7399785753703, 1146.7399785753703, 1146.7399785753703, 1146.7399785753703, 1146.7399785753703, 1146.7399785753703, 1146.7399785753703, 1146.7399785753703, 1146.7399785753703, 1146.7399785753703, 1146.7399785753703, 1146.7399785753703, 1146.7399785753703, 1146.7399785753703, 1146.7399785753703, 1146.7399785753703, 1146.7399785753703, 1146.7399785753703, 1146.7399785753703, 1146.7399785753703, 1146.7399785753703, 1146.7399785753703, 1146.7399785753703, 1146.7399785753703, 1146.7399785753703, 1146.7399785753703, 1146.7399785753703, 1146.7399785753703, 1146.7399785753703, 1146.7399785753703, 1146.7399785753703, 1146.7399785753703, 1146.7399785753703, 1146.7399785753703, 1146.7399785753703, 1146.7399785753703, 1146.7399785753703, 1146.7399785753703, 706.9041856405926, 754.0311313499656, 1985.2725182356305, 804.2998734399633, 1985.2725182356305, 582.4711002287595, 621.3025069106765, 582.4711002287595, 1985.2725182356305, 754.0311313499656, 4447.010440847813, 621.3025069106765, 528.8619520076398, 1744.8684242305349, 582.4711002287595, 706.9041856405926, 754.0311313499656, 830.8897258240639, 582.4711002287595, 754.0311313499656, 315.5822257324073, 582.4711002287595, 1985.2725182356305, 582.4711002287595, 4447.010440847813, 754.0311313499656, 1985.2725182356305, 582.4711002287595, 582.4711002287595, 4447.010440847813, 4447.010440847813, 976.1221575141008, 804.2998734399633, 1985.2725182356305, 662.7226740380554, 621.3025069106765, 582.4711002287595, 1184.6507724971132, 582.4711002287595, 582.4711002287595, 1184.6507724971132, 1985.2725182356305, 4447.010440847813, 804.2998734399633, 601.7273765064701, 754.0311313499656, 830.8897258240639, 582.4711002287595, 582.4711002287595, 804.2998734399633, 1146.7399785753703, 1146.7399785753703, 1146.7399785753703, 1146.7399785753703, 1146.7399785753703, 1146.7399785753703, 1146.7399785753703, 1146.7399785753703, 1146.7399785753703, 1146.7399785753703, 1146.7399785753703, 1146.7399785753703, 1146.7399785753703, 1146.7399785753703, 1146.7399785753703, 1146.7399785753703, 1146.7399785753703, 1146.7399785753703, 1146.7399785753703, 1146.7399785753703, 1146.7399785753703, 1146.7399785753703, 1146.7399785753703, 1146.7399785753703, 1146.7399785753703, 1146.7399785753703, 1146.7399785753703, 1146.7399785753703, 1146.7399785753703, 1146.7399785753703, 1146.7399785753703, 1146.7399785753703, 1146.7399785753703, 1146.7399785753703, 1146.7399785753703, 1146.7399785753703, 1146.7399785753703, 1146.7399785753703, 1146.7399785753703, 1146.7399785753703, 1146.7399785753703, 1146.7399785753703, 1146.7399785753703, 1146.7399785753703, 1146.7399785753703, 1146.7399785753703, 1146.7399785753703, 1146.7399785753703, 1146.7399785753703, 1146.7399785753703, 1146.7399785753703, 1146.7399785753703, 1146.7399785753703, 1146.7399785753703, 1146.7399785753703, 1146.7399785753703, 1146.7399785753703, 1146.7399785753703, 1146.7399785753703, 1146.7399785753703, 1146.7399785753703, 1146.7399785753703, 1146.7399785753703, 1146.7399785753703, 1146.7399785753703, 1146.7399785753703, 1146.7399785753703, 1146.7399785753703, 1146.7399785753703, 1146.7399785753703, 1146.7399785753703, 1146.7399785753703, 1146.7399785753703, 1146.7399785753703, 1146.7399785753703, 1146.7399785753703, 1146.7399785753703, 1146.7399785753703, 1146.7399785753703, 1146.7399785753703, 1146.7399785753703, 1146.7399785753703, 1146.7399785753703, 1146.7399785753703, 1146.7399785753703, 1146.7399785753703, 1146.7399785753703, 1146.7399785753703, 1146.7399785753703, 1146.7399785753703, 1146.7399785753703, 