{"label": "CVaR", "seed": 1, "eval_steps": [5008, 10000, 15008, 20000, 25008, 30000, 35008, 40000, 45008, 50000, 55008, 60000, 65008, 70000, 75008, 80000, 85008, 90000, 95008, 100000, 105008, 110000, 115008, 120000, 125008, 130000, 135008, 140000, 145008, 150000, 155008, 160000, 165008, 170000, 175008, 180000, 185008, 190000, 195008, 200000, 205008, 210000, 215008, 220000, 225008, 230000, 235008, 240000, 245008, 250000, 255008, 260000, 265008, 270000, 275008, 280000, 285008, 290000, 295008, 300000], "eval_rewards": [2.524395082084715, 2.524395082084715, 2.524395082084715, 2.524395082084715, 2.524395082084715, 2.524395082084715, 2.524395082084715, 2.524395082084715, 2.524395082084715, 2.524395082084715, 2.524395082084715, 2.524395082084715, 2.524395082084715, 2.524395082084715, 2.524395082084715, 2.524395082084715, 2.524395082084715, 2.524395082084715, 2.524395082084715, 2.524395082084715, 2.524395082084715, 2.524395082084715, 2.524395082084715, 2.524395082084715, 2.524395082084715, 2.524395082084715, 2.524395082084715, 2.524395082084715, 2.524395082084715, 2.524395082084715, 2.524395082084715, 2.524395082084715, 2.524395082084715, 2.524395082084715, 2.524395082084715, 2.524395082084715, 2.524395082084715, 2.524395082084715, 2.524395082084715, 2.524395082084715, 2.524395082084715, 2.524395082084715, 2.524395082084715, 2.7858236402095264, 2.524395082084715, 2.524395082084715, 2.524395082084715, 2.524395082084715, 2.524395082084715, 2.524395082084715, 2.5071114010838773, 2.524395082084715, 2.524395082084715, 2.53076396306492, 2.524395082084715, 2.524395082084715, 2.483790180054945, 2.524395082084715, 2.524395082084715, 2.524395082084715], "eval_capitals": [1146.7399785753703, 1146.7399785753703, 1146.7399785753703, 1146.7399785753703, 1146.7399785753703, 1146.7399785753703, 1146.7399785753703, 1146.7399785753703, 1146.7399785753703, 1146.7399785753703, 1146.7399785753703, 1146.7399785753703, 1146.7399785753703, 1146.7399785753703, 1146.7399785753703, 1146.7399785753703, 1146.7399785753703, 1146.7399785753703, 1146.7399785753703, 1146.7399785753703, 1146.7399785753703, 1146.7399785753703, 1146.7399785753703, 1146.7399785753703, 1146.7399785753703, 1146.7399785753703, 1146.7399785753703, 1146.7399785753703, 1146.7399785753703, 1146.7399785753703, 1146.7399785753703, 1146.7399785753703, 1146.7399785753703, 1146.7399785753703, 1146.7399785753703, 1146.7399785753703, 1146.7399785753703, 1146.7399785753703, 1146.7399785753703, 1146.7399785753703, 1146.7399785753703, 1146.7399785753703, 1146.7399785753703, 830.8897258240638, 1146.7399785753703, 1146.7399785753703, 1146.7399785753703, 1146.7399785753703, 1146.7399785753703, 1146.7399785753703, 1223.189310480395, 1146.7399785753703, 1146.7399785753703, 804.299873439963, 1146.7399785753703, 1146.7399785753703, 754.0311313499652, 1146.7399785753703, 1146.7399785753703, 1146.7399785753703], "eval_risky_frac": [0.0, 0.0, 0.0, 0.0, 0.0, 0.0, 0.0, 0.0, 0.0, 0.0, 0.0, 0.0, 0.0, 0.0, 0.0, 0.0, 0.0, 0.0, 0.0, 0.0, 0.0, 0.0, 0.0, 0.0, 0.0, 0.0, 0.0, 0.0, 0.0, 0.0, 0.0, 0.0, 0.0, 0.0, 0.0, 0.0, 0.0, 0.0, 0.0, 0.0, 0.0, 0.0, 0.0, 0.2696, 0.0, 0.0, 0.0, 0.0, 0.0, 0.0, 0.02, 0.0, 0.0, 0.11559999999999998, 0.0, 0.0, 0.1592, 0.0, 0.0, 0.0], "converged_capitals": [1146.7399785753703, 1146.7399785753703, 1146.7399785753703, 1146.7399785753703, 1146.7399785753703, 1146.7399785753703, 1146.7399785753703, 1146.7399785753703, 1146.7399785753703, 1146.7399785753703, 1146.7399785753703, 1146.7399785753703, 1146.7399785753703, 1146.7399785753703, 1146.7399785753703, 1146.7399785753703, 1146.7399785753703, 1146.7399785753703, 1146.7399785753703, 1146.7399785753703, 1146.7399785753703, 1146.7399785753703, 1146.7399785753703, 1146.7399785753703, 1146.7399785753703, 1146.7399785753703, 1146.7399785753703, 1146.7399785753703, 1146.7399785753703, 1146.7399785753703, 1146.7399785753703, 1146.7399785753703, 1146.7399785753703, 1146.7399785753703, 1146.7399785753703, 1146.7399785753703, 1146.7399785753703, 1146.7399785753703, 1146.7399785753703, 1146.7399785753703, 1146.7399785753703, 1146.7399785753703, 1146.7399785753703, 1146.7399785753703, 1146.7399785753703, 1146.7399785753703, 1146.7399785753703, 1146.7399785753703, 1146.7399785753703, 1146.7399785753703, 1146.7399785753703, 1146.7399785753703, 1146.7399785753703, 1146.7399785753703, 1146.7399785753703, 1146.7399785753703, 1146.7399785753703, 1146.7399785753703, 1146.7399785753703, 1146.7399785753703, 1146.7399785753703, 1146.7399785753703, 1146.7399785753703, 1146.7399785753703, 1146.7399785753703, 1146.7399785753703, 1146.7399785753703, 1146.7399785753703, 1146.7399785753703, 1146.7399785753703, 1146.7399785753703, 1146.7399785753703, 1146.7399785753703, 1146.7399785753703, 1146.7399785753703, 1146.7399785753703, 1146.7399785753703, 1146.7399785753703, 1146.7399785753703, 1146.7399785753703, 1146.7399785753703, 1146.7399785753703, 1146.7399785753703, 1146.7399785753703, 1146.7399785753703, 1146.7399785753703, 1146.7399785753703, 1146.7399785753703, 1146.7399785753703, 1146.7399785753703, 1146.7399785753703, 1146.7399785753703, 1146.7399785753703, 1146.7399785753703, 1146.7399785753703, 1146.7399785753703, 1146.7399785753703, 1146.7399785753703, 1146.7399785753703, 1146.7399785753703, 1146.7399785753703, 1146.7399785753703, 1146.7399785753703, 1146.7399785753703, 1146.7399785753703, 1146.7399785753703, 1146.7399785753703, 1146.7399785753703, 1146.7399785753703, 1146.7399785753703, 1146.7399785753703, 1146.7399785753703, 1146.7399785753703, 1146.7399785753703, 1146.7399785753703, 1146.7399785753703, 1146.7399785753703, 1146.7399785753703, 1146.7399785753703, 1146.7399785753703, 1146.7399785753703, 1146.7399785753703, 1146.7399785753703, 1146.7399785753703, 1146.7399785753703, 1146.7399785753703, 1146.7399785753703, 1146.7399785753703, 1146.7399785753703, 1146.7399785753703, 1146.7399785753703, 1146.7399785753703, 1146.7399785753703, 1146.7399785753703, 1146.7399785753703, 1146.7399785753703, 1146.7399785753703, 1146.7399785753703, 1146.7399785753703, 1146.7399785753703, 1146.7399785753703, 1146.7399785753703, 1146.7399785753703, 1146.7399785753703, 1146.7399785753703, 1146.7399785753703, 1146.7399785753703, 1146.7399785753703, 1146.7399785753703, 1146.7399785753703, 1223.189310480395, 1223.189310480395, 1223.189310480395, 1223.189310480395, 1223.189310480395, 1223.189310480395, 1223.189310480395, 1223.189310480395, 1223.189310480395, 1223.189310480395, 1223.189310480395, 1223.189310480395, 546.066656464462, 1223.189310480395, 1223.189310480395, 1223.189310480395, 1223.189310480395, 1223.189310480395, 1223.189310480395, 1223.189310480395, 1223.189310480395, 546.066656464462, 546.066656464462, 1223.189310480395, 1223.189310480395, 1223.189310480395, 1223.189310480395, 546.066656464462, 1223.189310480395, 546.066656464462, 546.066656464462, 1223.189310480395, 1223.189310480395, 1223.189310480395, 1223.189310480395, 546.066656464462, 1223.189310480395, 1223.189310480395, 1223.189310480395, 1223.189310480395, 1223.189310480395, 1223.189310480395, 1223.189310480395, 1223.189310480395, 1223.189310480395, 1223.189310480395, 1223.189310480395, 1223.189310480395, 1223.189310480395, 1223.189310480395, 1146.7399785753703, 1146.7399785753703, 1146.7399785753703, 1146.7399785753703, 1146.7399785753703, 1146.7399785753703, 1146.7399785753703, 1146.7399785753703, 1146.7399785753703, 1146.7399785753703, 1146.7399785753703, 1146.7399785753703, 1146.7399785753703, 1146.7399785753703, 1146.7399785753703, 1146.7399785753703, 1146.7399785753703, 1146.7399785753703, 1146.7399785753703, 1146.7399785753703, 1146.7399785753703, 1146.7399785753703, 1146.7399785753703, 1146.7399785753703, 1146.7399785753703, 1146.7399785753703, 1146.7399785753703, 1146.7399785753703, 1146.7399785753703, 1146.7399785753703, 1146.7399785753703, 1146.7399785753703, 1146.7399785753703, 1146.7399785753703, 1146.7399785753703, 1146.7399785753703, 1146.7399785753703, 1146.7399785753703, 1146.7399785753703, 1146.7399785753703, 