{"eval_steps": [5016, 10008, 15000, 20016, 25008, 30000, 35016, 40008, 45000, 50016, 55008, 60000, 65016, 70008, 75000, 80016, 85008, 90000, 95016, 100008, 105000, 110016, 115008, 120000, 125016, 130008, 135000, 140016, 145008, 150000, 155016, 160008, 165000, 170016, 175008, 180000, 185016, 190008, 195000, 200016, 205008, 210000, 215016, 220008, 225000, 230016, 235008, 240000, 245016, 250008, 255000, 260016, 265008, 270000, 275016, 280008, 285000, 290016, 295008, 300000], "eval_rewards": [2.8784395642106855, 2.724549418174042, 2.6834011803662094, 2.7020952166692735, 2.5955292348150714, 2.5268921089430627, 2.524395082084715, 2.49249866132662, 2.463506769260417, 2.948117623992095, 2.3515443366599764, 2.996990529823281, 2.507521455319422, 2.995324994450383, 2.8396169912779667, 2.905287362993009, 2.6097535129591436, 2.6977612924547922, 2.7212970607116787, 2.991708320399198, 2.5457245315926422, 2.5943664023775184, 2.7664910670266023, 3.302178593936424, 2.5977736340047506, 2.7730313099900377, 2.524395082084715, 3.0804688780968603, 2.906371482147128, 2.757630263992053, 3.3183019949017063, 2.9589562631312942, 2.6205756642799845, 2.7812421931303755, 3.0502760731523813, 2.9978436139310896, 2.9526686478365263, 2.666660835143432, 3.259579367983647, 2.899404697129786, 2.8995405310743014, 3.158836378929589, 2.524395082084715, 2.8619899270972966, 2.524395082084715, 2.864410793074206, 2.5712165433318153, 2.517428297067373, 2.734456259921991, 2.64353001631809, 2.678779100444341, 2.7128005742659558, 2.5764797125355403, 2.6435084236957325, 2.6433725897512157, 2.9319561425860936, 2.694340125411203, 2.5624750864234205, 2.6020288449357905, 3.016771237682466], "eval_capitals": [780.7686905811659, 564.4079216232268, 546.3459299365508, 1008.6595627645704, 602.0351163981086, 1223.1893104803949, 1146.7399785753703, 1304.7352645124206, 804.299873439963, 1076.168650403615, 244.4710388458215, 638.4967926374095, 529.2726196260338, 818.8580638951227, 422.25506825616174, 512.4612620969594, 945.3678658264904, 1437.7272782661255, 707.2657158384557, 512.4612620969594, 1304.7352645124206, 778.9591179600593, 652.6161997116008, 1147.9132270971893, 546.066656464462, 1209.9290688481008, 1146.7399785753703, 1147.9132270971893, 488.75952942230674, 371.12261858451706, 1147.9132270971893, 1223.8148830578743, 546.345929936551, 435.9916844509255, 1147.9132270971893, 512.4612620969594, 831.3146656293181, 730.647655338268, 1147.9132270971893, 512.4612620969594, 512.4612620969594, 779.3574990274855, 1146.7399785753703, 538.4345918600934, 1146.7399785753703, 512.4612620969594, 1437.727278266126, 1304.7352645124206, 1533.5757634838683, 555.3769257798889, 512.4612620969594, 564.407921623227, 1484.498789845244, 830.8897258240638, 1533.5757634838678, 1534.7666033694486, 512.4612620969594, 370.6193056236939, 1391.7176154799165, 730.6476553382679], "eval_risky_frac": [0.5731999999999999, 0.5972000000000001, 0.6139999999999999, 0.3348, 0.518, 0.0256, 0.0, 0.037200000000000004, 0.20679999999999998, 0.6355999999999999, 0.7512000000000001, 0.8308, 0.3864000000000001, 0.7272000000000002, 0.9036, 0.8403999999999999, 0.36200000000000004, 0.4935999999999999, 0.5216000000000001, 1.0, 0.0416, 0.3612, 0.5664, 0.9171999999999998, 0.44040000000000007, 0.39399999999999996, 0.0, 0.922, 0.8655999999999999, 0.9444, 1.0, 0.628, 0.6459999999999999, 0.8444000000000002, 0.9988000000000001, 0.9803999999999999, 0.9036, 0.7764000000000002, 0.9976, 0.9632000000000001, 0.9987999999999999, 0.8944, 0.0, 0.7748, 0.0, 0.9284, 0.21239999999999998, 0.09759999999999999, 0.30839999999999995, 0.5955999999999999, 0.9932000000000001, 0.5512, 0.07520000000000002, 0.368, 0.33240000000000003, 0.6168, 0.9655999999999999, 0.9176000000000001, 0.15, 0.8364000000000001], "converged_capitals": [1304.7352645124206, 1304.7352645124206, 1304.7352645124206, 1304.7352645124206, 1304.7352645124206, 804.2998734399633, 1304.7352645124206, 495.8080800071622, 1304.7352645124206, 1304.7352645124206, 1304.7352645124206, 1304.7352645124206, 1304.7352645124206, 1304.7352645124206, 1304.7352645124206, 1304.7352645124206, 1304.7352645124206, 1304.7352645124206, 1304.7352645124206, 1304.7352645124206, 1304.7352645124206, 804.2998734399633, 464.8200750067144, 1304.7352645124206, 1304.7352645124206, 754.0311313499653, 73.96416983906987, 1304.7352645124206, 1304.7352645124206, 1304.7352645124206, 14.740945838462581, 1304.7352645124206, 495.8080800071622, 1304.7352645124206, 1304.7352645124206, 1304.7352645124206, 1304.7352645124206, 1304.7352645124206, 804.2998734399633, 1304.7352645124206, 495.8080800071622, 1304.7352645124206, 1304.7352645124206, 1304.7352645124206, 1304.7352645124206, 1304.7352645124206, 1304.7352645124206, 1304.7352645124206, 1304.7352645124206, 1304.7352645124206, 2186.5136328315857, 1533.5757634838683, 395.66177420193526, 200.97105991209406, 395.66177420193526, 1533.5757634838683, 464.8200750067145, 305.6393023524928, 2186.5136328315857, 395.66177420193526, 395.66177420193526, 1008.3923902149234, 1008.3923902149234, 464.8200750067145, 1533.5757634838683, 305.63930235249273, 1533.5757634838683, 2186.5136328315857, 1533.5757634838683, 2186.5136328315857, 2186.5136328315857, 2186.5136328315857, 1533.5757634838683, 2186.5136328315857, 2186.5136328315857, 2186.5136328315857, 2186.5136328315857, 2186.5136328315857, 251.8390247655427, 305.63930235249273, 1008.3923902149234, 1008.3923902149234, 2186.5136328315857, 778.9591179600595, 78.85478599368925, 1008.3923902149234, 395.66177420193526, 2186.5136328315857, 1008.3923902149234, 2186.5136328315857, 1533.5757634838683, 2186.5136328315857, 2186.5136328315857, 268.62829308324564, 1533.5757634838683, 165.5950505867474, 1533.5757634838683, 2186.5136328315857, 2186.5136328315857, 2186.5136328315857, 5059.709657142401, 5059.709657142401, 221.34289286034016, 1041.7294647147448, 207.61508783377403, 3785.361552843768, 2654.974863315659, 228.66040594442686, 236.21983326864967, 182.47419829140298, 564.4079216232269, 171.06956089819025, 2654.9748633156596, 2654.9748633156596, 105.40137755254295, 188.41036866758807, 236.09908571769625, 221.34289286034016, 5059.709657142401, 546.3459299365509, 5059.709657142401, 976.6213731700733, 182.38092368253126, 602.0351163981085, 804.7112144650869, 221.34289286034019, 5059.709657142401, 529.1324265217752, 602.0351163981085, 251.96782215322614, 602.0351163981085, 2118.707030482117, 182.38092368253126, 207.61508783377408, 221.34289286034007, 1111.1780956957275, 1111.178095695728, 3785.3615528437717, 221.34289286034007, 730.6476553382679, 602.0351163981088, 251.9678221532263, 188.41036866758807, 221.456093689359, 243.90443300738875, 2654.9748633156596, 564.407921623227, 1111.178095695728, 221.45609368935888, 546.3459299365509, 45.594975516268384, 1147.9132270971893, 1076.168650403615, 1147.9132270971893, 512.4612620969594, 5759.769408282858, 2571.3256286977044, 4.056700371501989, 228.77734915042828, 95.74944858416363, 1147.9132270971893, 512.4612620969594, 512.4612620969594, 512.4612620969594, 1147.9132270971893, 102.13274515644119, 228.77734915042828, 2571.3256286977044, 480.4324332158995, 45.594975516268384, 214.47876482852655, 1147.9132270971893, 214.47876482852655, 450.40540613990555, 20.354899784048385, 5759.769408282858, 7.98662885639454, 512.4612620969594, 40.07370894984525, 512.4612620969594, 20.354899784048385, 2571.3256286977044, 45.594975516268384, 12901.883474553604, 2571.3256286977044, 2571.3256286977044, 512.4612620969594, 228.77734915042828, 2571.3256286977044, 8.519070780154179, 20.354899784048385, 1147.9132270971893, 102.13274515644119, 95.74944858416363, 9.087008832164457, 5062.297331498603, 2571.3256286977044, 12901.883474553604, 28900.218983000075, 89.76510804765336, 296.00964669578207, 3220.509103316121, 1922.7233284285826, 1922.7233284285826, 2117.6240194513375, 305.7956146784044, 260.1647285412147, 3220.509103316121, 435.99168445092545, 3220.509103316121, 2117.6240194513375, 1534.3600762103622, 140.9569746170391, 1922.7233284285826, 315.74362314216756, 