{"label": "DQN", "seed": 1, "eval_steps": [5008, 10000, 15008, 20000, 25008, 30000, 35008, 40000, 45008, 50000, 55008, 60000, 65008, 70000, 75008, 80000, 85008, 90000, 95008, 100000, 105008, 110000, 115008, 120000, 125008, 130000, 135008, 140000, 145008, 150000, 155008, 160000, 165008, 170000, 175008, 180000, 185008, 190000, 195008, 200000, 205008, 210000, 215008, 220000, 225008, 230000, 235008, 240000, 245008, 250000, 255008, 260000, 265008, 270000, 275008, 280000, 285008, 290000, 295008, 300000], "eval_rewards": [2.9802882650412204, 2.500557222704079, 3.0422200641769193, 2.977285982845531, 2.7180231106269614, 2.6472850767157894, 2.7968768265766704, 2.7166749807898127, 2.893888900257391, 2.9494759634372456, 2.551028333639087, 2.4917458831246084, 3.1382051393645956, 2.954024434879677, 2.6126199612103176, 2.965172822348623, 3.103037320923782, 3.175734150719242, 2.638516922381035, 2.524395082084715, 3.0545147962650647, 3.043230574851604, 2.501733990557997, 2.680094254644773, 2.884384455538984, 2.65614587975034, 2.979147025226024, 2.7691264802314652, 2.413888742433221, 2.7291194822388296, 2.9854752733635093, 2.959771266798383, 2.7264104605545323, 3.0058754778821912, 2.9289018445333306, 3.0796373866114113, 2.8535340734942896, 2.9405529349376165, 2.914479506979664, 3.167566452823625, 2.8026097230790197, 2.524395082084715, 2.614983706526151, 3.117321272130931, 2.524395082084715, 2.8382612042348176, 2.6636775931681025, 2.524395082084715, 2.8661715295489, 2.9665857300528504, 3.0823083278549914, 2.7781663024552494, 2.9543532234297847, 2.539501694164955, 3.0614244606213274, 3.2788954533482104, 2.524395082084715, 2.9917083203991974, 2.9243533730908995, 2.90064369044878], "eval_capitals": [602.0351163981088, 496.06164986416434, 1185.256635408777, 1224.7651899224024, 1583.4653758349273, 830.8897258240637, 1008.3923902149226, 642.1707908246492, 512.4612620969594, 512.4612620969594, 1583.465375834927, 915.114522669469, 1112.0409387504021, 512.4612620969594, 481.18724175930345, 512.4612620969594, 1147.9132270971893, 830.1872445970744, 945.3678658264901, 1146.7399785753703, 512.4612620969594, 512.4612620969594, 684.6320372695835, 512.4612620969594, 602.0351163981088, 976.1221575141003, 1147.9132270971893, 371.122618584517, 228.77734915042828, 758.1484212544719, 886.7356433379397, 1039.603158035016, 371.122618584517, 945.8513528938021, 512.4612620969594, 512.4612620969594, 512.4612620969594, 512.4612620969594, 1184.5253756135162, 1147.9132270971893, 1111.1780956957282, 1146.7399785753703, 529.1324265217754, 512.4612620969594, 1146.7399785753703, 564.4079216232268, 1147.3264528667576, 1146.7399785753703, 371.122618584517, 1147.9132270971893, 830.1872445970744, 512.4612620969594, 512.4612620969594, 370.6193056236939, 512.4612620969594, 1147.9132270971893, 1146.7399785753703, 512.4612620969594, 512.4612620969594, 512.4612620969594], "eval_risky_frac": [0.9291999999999999, 0.7436, 0.5519999999999999, 0.6972, 0.2184, 0.618, 0.4292, 0.9007999999999999, 0.9972, 0.9915999999999999, 0.09999999999999998, 0.24679999999999996, 0.9987999999999999, 1.0, 0.5584, 0.9996, 0.9924000000000001, 0.9952, 0.5763999999999999, 0.0, 1.0, 0.9648, 0.3492, 0.894, 0.8736, 0.24000000000000005, 1.0, 0.8872, 1.0, 0.8331999999999999, 0.9200000000000002, 0.8416, 0.9, 0.9399999999999997, 1.0, 1.0, 1.0, 0.9464, 0.6972, 1.0, 0.8220000000000001, 0.0, 0.8080000000000002, 1.0, 0.0, 0.8072, 0.5124000000000001, 0.0, 0.872, 1.0, 0.9972, 1.0, 0.9752, 1.0, 0.9984000000000001, 0.9924, 0.0, 1.0, 0.9915999999999999, 0.992], "converged_capitals": [1146.7399785753703, 1146.7399785753703, 1146.7399785753703, 1146.7399785753703, 1146.7399785753703, 1146.7399785753703, 1146.7399785753703, 1146.7399785753703, 1146.7399785753703, 1146.7399785753703, 1146.7399785753703, 1146.7399785753703, 1146.7399785753703, 1146.7399785753703, 1146.7399785753703, 1146.7399785753703, 1146.7399785753703, 1146.7399785753703, 1146.7399785753703, 1146.7399785753703, 1146.7399785753703, 1146.7399785753703, 1146.7399785753703, 1146.7399785753703, 1146.7399785753703, 1146.7399785753703, 1146.7399785753703, 1146.7399785753703, 1146.7399785753703, 1146.7399785753703, 1146.7399785753703, 1146.7399785753703, 1146.7399785753703, 1146.7399785753703, 1146.7399785753703, 1146.7399785753703, 1146.7399785753703, 1146.7399785753703, 1146.7399785753703, 1146.7399785753703, 1146.7399785753703, 1146.7399785753703, 1146.7399785753703, 1146.7399785753703, 1146.7399785753703, 1146.7399785753703, 1146.7399785753703, 1146.7399785753703, 1146.7399785753703, 1146.7399785753703, 3222.1561600417613, 371.122618584517, 73.96416983906987, 4171.204466261667, 371.122618584517, 165.6797404395165, 145.6169593706687, 127.98365569687685, 371.122618584517, 730.6476553382673, 371.122618584517, 831.3146656293181, 1862.1448510096727, 371.122618584517, 127.98365569687685, 831.3146656293181, 4171.204466261667, 4171.204466261667, 1862.1448510096727, 1862.1448510096727, 642.1707908246493, 145.6169593706687, 286.68338876100415, 57.135560578962874, 642.1707908246493, 286.68338876100415, 371.122618584517, 1862.1448510096727, 3222.1561600417613, 371.122618584517, 286.68338876100415, 165.6797404395165, 1438.4625714472147, 642.1707908246493, 4171.204466261667, 4171.204466261667, 165.6797404395165, 371.122618584517, 1862.1448510096727, 4171.204466261667, 831.3146656293181, 145.6169593706687, 127.98365569687685, 29.021237119473188, 371.122618584517, 165.6797404395165, 4171.204466261667, 4171.204466261667, 127.98365569687685, 642.1707908246493, 512.4612620969594, 2571.3256286977044, 9.087008832164457, 1147.9132270971893, 1147.9132270971893, 512.4612620969594, 228.77734915042828, 45.594975516268384, 5759.769408282858, 1147.9132270971893, 102.13274515644119, 2571.3256286977044, 2571.3256286977044, 20.354899784048385, 1147.9132270971893, 1147.9132270971893, 228.77734915042828, 5759.769408282858, 1147.9132270971893, 12901.883474553604, 20.354899784048385, 1147.9132270971893, 5759.769408282858, 20.354899784048385, 102.13274515644119, 102.13274515644119, 2571.3256286977044, 1147.9132270971893, 1147.9132270971893, 1147.9132270971893, 45.594975516268384, 1147.9132270971893, 5759.769408282858, 2571.3256286977044, 228.77734915042828, 45.594975516268384, 1147.9132270971893, 5759.769408282858, 228.77734915042828, 512.4612620969594, 102.13274515644119, 1147.9132270971893, 102.13274515644119, 102.13274515644119, 5759.769408282858, 1147.9132270971893, 2571.3256286977044, 45.594975516268384, 102.13274515644119, 5759.769408282858, 228.77734915042828, 1147.9132270971893, 2571.3256286977044, 512.4612620969594, 2571.3256286977044, 5759.769408282858, 2571.3256286977044, 5759.769408282858, 20.354899784048385, 102.13274515644119, 1147.9132270971893, 512.4612620969594, 512.4612620969594, 1147.9132270971893, 45.594975516268384, 12901.883474553604, 512.4612620969594, 228.77734915042828, 1147.9132270971893, 512.4612620969594, 512.4612620969594, 5759.769408282858, 1147.9132270971893, 20.354899784048385, 45.594975516268384, 512.4612620969594, 2571.3256286977044, 2571.3256286977044, 512.4612620969594, 2571.3256286977044, 1147.9132270971893, 45.594975516268384, 1.1527200529436605, 5759.769408282858, 5759.769408282858, 5759.769408282858, 228.77734915042828, 12901.883474553604, 512.4612620969594, 512.4612620969594, 4.056700371501989, 5759.769408282858, 512.4612620969594, 2571.3256286977044, 2571.3256286977044, 102.13274515644119, 102.13274515644119, 1147.9132270971893, 2571.3256286977044, 228.77734915042828, 1147.9132270971893, 9.087008832164457, 12901.883474553604, 2571.3256286977044, 512.4612620969594, 228.77734915042828, 1147.9132270971893, 45.594975516268384, 2571.3256286977044, 228.77734915042828, 228.77734915042828, 102.13274515644119, 5759.769408282858, 512.4612620969594, 5759.769408282858, 228.77734915042828, 5759.769408282858, 1147.9132270971893, 45.594975516268384, 1147.9132270971893, 512.4612620969594, 1147.9132270971893, 5759.769408282858, 512.4612620969594, 20.354899784048385, 512.4612620969594, 