{"eval_steps": [5016, 10008, 15000, 20016, 25008, 30000, 35016, 40008, 45000, 50016, 55008, 60000, 65016, 70008, 75000, 80016, 85008, 90000, 95016, 100008, 105000, 110016, 115008, 120000, 125016, 130008, 135000, 140016, 145008, 150000, 155016, 160008, 165000, 170016, 175008, 180000, 185016, 190008, 195000, 200016, 205008, 210000, 215016, 220008, 225000, 230016, 235008, 240000, 245016, 250008, 255000, 260016, 265008, 270000, 275016, 280008, 285000, 290016, 295008, 300000], "eval_rewards": [2.832862201086578, 2.871532452256422, 2.801832799852649, 2.5638803369216485, 2.9277199718754146, 3.1180930905533, 3.2605276531932517, 2.694470854551719, 2.732409920141908, 2.564967008477767, 2.5559487788763438, 3.0557893176227755, 2.8424618469067813, 3.1718813368177443, 2.5868423461657564, 2.8394049964520143, 2.524395082084715, 2.792985932234457, 2.9818179664696047, 2.5615953048892535, 2.524395082084715, 2.524395082084715, 3.0256561857413766, 2.9612628877860483, 2.5476998152952888, 2.524395082084715, 2.715359826589382, 2.777720720180986, 2.6469131029209634, 2.7139989347422295, 2.696229038624411, 2.575308049485625, 2.6119649365121034, 2.7353334890541605, 2.8371009241992597, 2.951198619471222, 2.6348621678891324, 2.524395082084715, 2.5147763960441525, 2.524395082084715, 2.310377058631786, 2.524395082084715, 2.798175492958744, 2.524395082084715, 2.7946540200093573, 3.0334950950868853, 2.700668373548687, 2.495584761609747, 2.524395082084715, 2.6126174088083167, 2.6637702418678977, 3.003087742914455, 2.6951335364559332, 2.8019521459788064, 2.543585543112763, 2.740985119871071, 3.0940165389203576, 2.683229818382976, 2.7763623807358364, 2.747232102323118], "eval_capitals": [496.06164986416417, 538.4345918600932, 718.7699444630058, 831.1098692212954, 504.2614559805618, 1185.256635408777, 1076.168650403615, 556.6183914008213, 512.4612620969594, 976.1221575141003, 348.01963795225595, 1148.2173655522524, 730.647655338268, 730.6476553382679, 557.2481892475341, 512.4612620969594, 1146.7399785753703, 1245.0266572127562, 512.4612620969594, 1223.189310480395, 1146.7399785753703, 1146.7399785753703, 830.1872445970744, 830.1872445970744, 976.1221575140997, 1146.7399785753703, 512.4612620969594, 512.4612620969594, 1689.0297342239217, 1347.8693233744934, 1583.4653758349273, 512.4612620969594, 512.4612620969594, 512.4612620969594, 512.4612620969594, 512.4612620969594, 422.2550682561619, 1146.7399785753703, 1484.4987898452437, 1146.7399785753703, 268.7656769634414, 1146.7399785753703, 1111.1780956957282, 1146.7399785753703, 602.0351163981088, 1147.9132270971893, 684.982176879626, 395.8641264901516, 1146.7399785753703, 1110.610099216043, 1583.4653758349273, 831.3146656293181, 512.4612620969594, 886.7356433379397, 512.4612620969594, 729.156307495381, 779.3574990274855, 395.8641264901516, 602.0351163981088, 1223.8148830578746], "eval_risky_frac": [0.9087999999999999, 0.8344000000000001, 0.5444, 0.1392, 0.8752000000000001, 0.7584000000000001, 0.9871999999999999, 0.48200000000000004, 0.8448, 0.424, 0.5388, 0.7051999999999999, 0.8724, 0.8732, 0.8675999999999999, 0.996, 0.0, 0.3712, 0.9972, 0.0212, 0.0, 0.0, 0.9456000000000002, 0.9736, 0.1524, 0.0, 1.0, 0.9571999999999999, 0.1876, 0.38439999999999996, 0.16599999999999998, 0.9887999999999999, 0.8675999999999999, 0.9451999999999999, 0.9099999999999998, 0.9992, 0.9131999999999999, 0.0, 0.0684, 0.0, 0.7999999999999998, 0.0, 0.6216, 0.0, 0.7343999999999999, 0.9656, 0.8856, 0.9200000000000002, 0.0, 0.2988, 0.09279999999999998, 0.8752000000000001, 0.9516, 0.8716000000000002, 0.9975999999999999, 0.9468, 0.8476, 0.902, 0.6012000000000001, 0.4756], "converged_capitals": [886.7356433379397, 78.89511449500787, 4449.284764012447, 35.22103325669994, 395.8641264901516, 176.72505646881766, 176.72505646881766, 35.22103325669994, 1986.2878410769852, 9966.397871387882, 35.22103325669994, 176.72505646881766, 886.7356433379397, 395.8641264901516, 7.019498018315516, 176.72505646881766, 35.22103325669994, 4449.284764012447, 886.7356433379397, 1986.2878410769852, 1986.2878410769852, 1986.2878410769852, 176.72505646881766, 886.7356433379397, 395.8641264901516, 176.72505646881766, 176.72505646881766, 176.72505646881766, 395.8641264901516, 395.8641264901516, 35.22103325669994, 395.8641264901516, 395.8641264901516, 176.72505646881766, 4449.284764012447, 395.8641264901516, 9966.397871387882, 395.8641264901516, 35.22103325669994, 395.8641264901516, 176.72505646881766, 1986.2878410769852, 395.8641264901516, 15.723675561026758, 176.72505646881766, 886.7356433379397, 886.7356433379397, 78.89511449500787, 78.89511449500787, 395.8641264901516, 1146.7399785753703, 1146.7399785753703, 1146.7399785753703, 1146.7399785753703, 1146.7399785753703, 1146.7399785753703, 1146.7399785753703, 1146.7399785753703, 1146.7399785753703, 1146.7399785753703, 1146.7399785753703, 1146.7399785753703, 1146.7399785753703, 1146.7399785753703, 1146.7399785753703, 1146.7399785753703, 1146.7399785753703, 1146.7399785753703, 1146.7399785753703, 1146.7399785753703, 1146.7399785753703, 1146.7399785753703, 1146.7399785753703, 1146.7399785753703, 1146.7399785753703, 1146.7399785753703, 1146.7399785753703, 1146.7399785753703, 1146.7399785753703, 1146.7399785753703, 1146.7399785753703, 1146.7399785753703, 1146.7399785753703, 1146.7399785753703, 1146.7399785753703, 1146.7399785753703, 1146.7399785753703, 1146.7399785753703, 1146.7399785753703, 1146.7399785753703, 1146.7399785753703, 1146.7399785753703, 1146.7399785753703, 1146.7399785753703, 1146.7399785753703, 1146.7399785753703, 1146.7399785753703, 1146.7399785753703, 1146.7399785753703, 1146.7399785753703, 1921.7404976058845, 1921.7404976058845, 684.6320372695836, 1110.610099216043, 1110.610099216043, 1921.7404976058845, 1921.7404976058845, 684.6320372695836, 17.89004863832377, 1921.7404976058845, 1921.7404976058845, 1110.610099216043, 1921.7404976058845, 1110.610099216043, 641.8425349402347, 1921.7404976058845, 684.6320372695836, 1110.610099216043, 1921.7404976058845, 1921.7404976058845, 7.98662885639454, 1110.610099216043, 17.89004863832377, 1921.7404976058845, 1921.7404976058845, 450.1751742030906, 1110.610099216043, 1110.610099216043, 1921.7404976058845, 1110.610099216043, 1110.610099216043, 1921.7404976058845, 1110.610099216043, 1921.7404976058845, 1921.7404976058845, 450.1751742030906, 1110.610099216043, 1921.7404976058845, 40.07370894984525, 296.0096466957821, 1921.7404976058845, 1921.7404976058845, 1110.610099216043, 1921.7404976058845, 450.1751742030906, 1110.610099216043, 1921.7404976058845, 1921.7404976058845, 296.0096466957821, 684.6320372695836, 1583.4653758349273, 1583.4653758349273, 1583.4653758349273, 1583.4653758349273, 1583.4653758349273, 1583.4653758349273, 1583.4653758349273, 1583.4653758349273, 706.9041856405922, 1583.4653758349273, 1583.4653758349273, 621.3025069106765, 1583.4653758349273, 1583.4653758349273, 1583.4653758349273, 621.3025069106765, 1583.4653758349273, 1583.4653758349273, 1583.4653758349273, 1583.4653758349273, 662.7226740380553, 1583.4653758349273, 706.9041856405922, 1583.4653758349273, 706.9041856405922, 621.3025069106765, 1583.4653758349273, 260.0317411735533, 1583.4653758349273, 1583.4653758349273, 1583.4653758349273, 1583.4653758349273, 1583.4653758349273, 582.4711002287594, 1583.4653758349273, 582.4711002287592, 1583.4653758349273, 706.9041856405922, 1583.4653758349273, 1583.4653758349273, 706.9041856405922, 621.3025069106765, 1583.4653758349273, 1583.4653758349273, 1583.4653758349273, 1583.4653758349273, 1583.4653758349273, 706.9041856405922, 1583.4653758349273, 1583.4653758349273, 9343.498004426136, 145.6169593706688, 326.1819889902982, 371.122618584517, 371.122618584517, 831.3146656293181, 73.96416983906987, 155.32475666204667, 73.96416983906987, 10976.661700520683, 1862.1448510096727, 684.9821768796257, 1862.1448510096727, 2.5820929185938, 1745.7607978215676, 4171.204466261667, 1862.1448510096727, 165.6797404395165, 4171.204466261667, 10976.661700520683, 831.3146656293181, 1862.1448510096727, 831.3146656293181, 