{"eval_steps": [5016, 10008, 15000, 20016, 25008, 30000, 35016, 40008, 45000, 50016, 55008, 60000, 65016, 70008, 75000, 80016, 85008, 90000, 95016, 100008, 105000, 110016, 115008, 120000, 125016, 130008, 135000, 140016, 145008, 150000, 155016, 160008, 165000, 170016, 175008, 180000, 185016, 190008, 195000, 200016, 205008, 210000, 215016, 220008, 225000, 230016, 235008, 240000, 245016, 250008, 255000, 260016, 265008, 270000, 275016, 280008, 285000, 290016, 295008, 300000], "eval_rewards": [2.9865784327379874, 2.8017160061284954, 2.524395082084715, 2.524395082084715, 2.744816341150208, 2.752114467119658, 2.590130231666835, 2.7642111397982077, 2.990912356952465, 3.0379077325848014, 2.8596071415611015, 3.0168309107455444, 2.7837201797683635, 2.7071895762917633, 2.658202429138426, 3.102417824264285, 2.898127623370073, 2.971867939476934, 2.951891724610152, 2.650129932344603, 2.562100560226594, 2.659732130566809, 2.916340549360157, 2.9117679328933654, 2.694487342370077, 3.0105001102060602, 2.6109785708617803, 2.706896315780376, 2.8296644118832948, 2.930488666622791, 2.719519836418627, 2.7641133862944116, 2.6640419097569263, 2.7657192486042312, 2.844415537987069, 2.885158826363355, 2.962094379271497, 2.744003889885118, 2.6441875934183052, 2.9695232343814597, 2.772397877914184, 2.640492206083684, 2.6902372362430356, 2.891217959013811, 2.941463139706504, 2.9901405385300954, 2.6399920555503424, 2.833772405855464, 2.6027841755398056, 3.016830910745544, 2.8158501879747693, 3.15047572642838, 2.8409727783211167, 2.7912303005637638, 2.7641133862944116, 2.595333727807482, 2.535358172154069, 2.718030767832963, 2.9350536258835818, 2.7326625478105795], "eval_capitals": [512.4612620969594, 886.2823742123344, 1146.7399785753703, 1146.7399785753703, 450.40540613990555, 512.4612620969594, 520.665867918646, 512.4612620969594, 1264.2737444360287, 729.1563074953809, 1211.7439364685385, 830.1872445970744, 779.3574990274855, 993.7904088042737, 374.3405476828045, 512.4612620969594, 830.1872445970744, 684.9821768796257, 1305.4025419283992, 976.6213731700735, 1304.7352645124206, 453.9153655382566, 512.4612620969594, 2127.502268391137, 1689.0297342239223, 732.1698379535558, 512.4612620969594, 730.274173087556, 1419.489152706134, 450.40540613990566, 642.1707908246494, 602.0351163981088, 1304.7352645124206, 529.1324265217753, 642.1707908246493, 359.5250367537509, 779.3574990274856, 337.0547219566414, 529.2726196260337, 1533.5757634838671, 512.4612620969594, 450.1751742030906, 512.4612620969594, 512.4612620969594, 512.4612620969594, 512.4612620969594, 512.4612620969594, 436.3302371980336, 976.1221575141003, 512.4612620969594, 512.4612620969594, 830.1872445970744, 512.4612620969594, 512.4612620969594, 396.68884342033925, 684.6320372695835, 286.68338876100415, 512.4612620969594, 754.416763561019, 605.5400442770837], "eval_risky_frac": [0.9132000000000001, 0.4768, 0.0, 0.0, 0.8412, 0.9784, 0.6196, 0.9675999999999999, 0.7544, 0.9384, 0.5572, 1.0, 0.9020000000000001, 0.7452, 0.742, 0.9780000000000001, 0.9984000000000001, 0.8308000000000001, 0.6259999999999999, 0.5868000000000001, 0.22759999999999997, 0.81, 1.0, 0.5044000000000001, 0.19039999999999999, 0.8203999999999999, 0.9420000000000001, 0.4464000000000001, 0.4776, 0.9720000000000002, 0.8696, 0.8680000000000001, 0.16400000000000003, 0.8079999999999998, 0.7555999999999998, 0.8916, 0.8956000000000001, 0.8872000000000001, 0.546, 0.5491999999999999, 0.9308000000000001, 0.6872, 1.0, 1.0, 1.0, 0.996, 1.0, 0.9623999999999998, 0.19999999999999996, 1.0, 1.0, 0.9596000000000001, 1.0, 0.9468, 0.868, 0.3188, 0.8388000000000001, 0.9972, 0.6888, 0.9480000000000001], "converged_capitals": [12901.883474553604, 480.4324332158995, 9.087008832164457, 28900.218983000075, 228.77734915042828, 422.2550682561616, 450.40540613990555, 2259.9541658475905, 102.13274515644119, 945.8513528938021, 2571.3256286977044, 422.2550682561616, 945.8513528938021, 5759.769408282858, 188.50672690007212, 5759.769408282858, 228.77734915042828, 145.6169593706688, 945.8513528938016, 326.1819889902982, 422.2550682561616, 1147.9132270971893, 102.13274515644119, 102.13274515644119, 45.594975516268384, 450.40540613990555, 35.22103325669991, 20.354899784048385, 1008.9081097533885, 512.4612620969594, 5759.769408282858, 95.74944858416363, 17.89004863832377, 145.6169593706688, 1636.6507479577206, 228.77734915042828, 1636.6507479577206, 2118.707030482117, 1147.9132270971893, 228.77734915042828, 5759.769408282858, 422.2550682561616, 145.6169593706688, 1147.9132270971893, 20.354899784048385, 2118.707030482117, 12901.883474553604, 422.2550682561616, 102.13274515644119, 945.8513528938021, 976.1221575141003, 435.7688203187947, 2186.513632831585, 2186.513632831585, 2186.513632831585, 976.1221575141003, 435.7688203187947, 976.1221575141003, 976.1221575141003, 976.1221575141003, 435.7688203187947, 976.1221575141003, 976.1221575141003, 435.7688203187947, 976.1221575141003, 976.1221575141003, 435.7688203187947, 2186.513632831585, 435.7688203187947, 2186.513632831585, 2186.513632831585, 976.1221575141003, 435.7688203187947, 976.1221575141003, 2186.513632831585, 976.1221575141003, 435.7688203187947, 2186.513632831585, 2186.513632831585, 435.7688203187947, 976.1221575141003, 976.1221575141003, 976.1221575141003, 2186.513632831585, 976.1221575141003, 976.1221575141003, 435.7688203187947, 435.7688203187947, 976.1221575141003, 435.7688203187947, 2186.513632831585, 435.7688203187947, 194.53965192803335, 976.1221575141003, 2186.513632831585, 976.1221575141003, 2186.513632831585, 2186.513632831585, 2186.513632831585, 976.1221575141003, 20.354899784048385, 512.4612620969594, 228.77734915042828, 1147.9132270971893, 228.77734915042828, 2571.3256286977044, 102.13274515644119, 1147.9132270971893, 102.13274515644119, 2571.3256286977044, 12901.883474553604, 1147.9132270971893, 20.354899784048385, 2571.3256286977044, 228.77734915042828, 20.354899784048385, 45.594975516268384, 1147.9132270971893, 102.13274515644119, 12901.883474553604, 1147.9132270971893, 4.056700371501989, 5759.769408282858, 102.13274515644119, 512.4612620969594, 512.4612620969594, 1147.9132270971893, 102.13274515644119, 12901.883474553604, 5759.769408282858, 512.4612620969594, 512.4612620969594, 1147.9132270971893, 512.4612620969594, 228.77734915042828, 1147.9132270971893, 2571.3256286977044, 512.4612620969594, 2571.3256286977044, 5759.769408282858, 9.087008832164457, 5759.769408282858, 5759.769408282858, 2571.3256286977044, 512.4612620969594, 1147.9132270971893, 512.4612620969594, 512.4612620969594, 102.13274515644119, 2571.3256286977044, 20.354899784048385, 228.77734915042828, 512.4612620969594, 512.4612620969594, 228.77734915042828, 102.13274515644119, 512.4612620969594, 512.4612620969594, 45.594975516268384, 512.4612620969594, 228.77734915042828, 45.594975516268384, 102.13274515644119, 5759.769408282858, 102.13274515644119, 1147.9132270971893, 12901.883474553604, 102.13274515644119, 5759.769408282858, 102.13274515644119, 1147.9132270971893, 1147.9132270971893, 5759.769408282858, 45.594975516268384, 1147.9132270971893, 1147.9132270971893, 1147.9132270971893, 1147.9132270971893, 2571.3256286977044, 20.354899784048385, 5759.769408282858, 2571.3256286977044, 5759.769408282858, 1147.9132270971893, 228.77734915042828, 102.13274515644119, 2571.3256286977044, 1147.9132270971893, 1147.9132270971893, 512.4612620969594, 45.594975516268384, 102.13274515644119, 2571.3256286977044, 2571.3256286977044, 512.4612620969594, 512.4612620969594, 4.056700371501989, 228.77734915042828, 45.594975516268384, 1147.9132270971893, 201.07384202674368, 2571.3256286977044, 1147.9132270971893, 160.37771334205337, 512.4612620969594, 512.4612620969594, 1147.9132270971893, 228.77734915042828, 1147.9132270971893, 12901.883474553604, 102.13274515644119, 1147.9132270971893, 228.77734915042828, 102.13274515644119, 5759.769408282858, 1147.9132270971893, 132.14716370347415, 5759.769408282858, 1147.9132270971893, 512.4612620969594, 150.35410625817505, 228.77734915042828, 