{"label": "DQN", "seed": 0, "eval_steps": [5000, 10000, 15000, 20000, 25000, 30000, 35000, 40000, 45000, 50000, 55000, 60000, 65000, 70000, 75000, 80000, 85000, 90000, 95000, 100000, 105000, 110000, 115000, 120000, 125000, 130000, 135000, 140000, 145000, 150000, 155000, 160000, 165000, 170000, 175000, 180000, 185000, 190000, 195000, 200000, 205000, 210000, 215000, 220000, 225000, 230000, 235000, 240000, 245000, 250000, 255000, 260000, 265000, 270000, 275000, 280000, 285000, 290000, 295000, 300000], "eval_rewards": [2.645209487107347, 2.7224573407472366, 2.8437173280441335, 2.524395082084715, 2.7916758828380273, 3.1580404154828545, 2.931551193154549, 2.76469480251319, 2.7251524270151792, 2.6963915699952867, 2.723682398649874, 2.917324362608477, 2.9524160201678553, 3.0695921585169446, 2.586804265725038, 2.992129757649101, 2.8506485850227574, 2.6793198838204013, 3.1569182158880187, 2.871127502824877, 2.753043712108903, 2.597713960941673, 2.524395082084715, 3.0360111621655927, 2.92890184453333, 2.8216947733972715, 2.6949164368259813, 3.1880618584441023, 3.067076091438238, 2.732274086197394, 2.524395082084715, 2.6491245264739227, 2.5588101223235156, 2.7725146716383398, 2.8588949962018106, 2.6999892038261124, 2.720196453739203, 3.0055441369300797, 2.897720121536528, 2.7232368163756098, 2.6228035756512993, 2.7129173679901117, 2.643766156168402, 2.447991481940274, 3.1801277479967984, 2.616894212361721, 3.099804003681782, 2.663289131554917, 2.9151777169226, 2.941463139706504, 2.865435239165245, 2.9534620588812572, 2.9338933458480256, 2.4620151482727533, 2.873641017501583, 2.903779254186984, 2.586079358355744, 3.116237152976812, 2.704695101835419, 2.6316478908674923], "eval_capitals": [857.9198650026274, 888.1287958252769, 546.7701740725012, 1146.7399785753703, 496.44684765642944, 1584.27520347814, 1147.9132270971893, 512.4612620969594, 422.2550682561616, 371.12261858451706, 512.4612620969594, 1185.2566354087767, 512.5970381929699, 1147.9132270971893, 403.30721110309884, 1689.8935503766836, 402.30316533144713, 480.4324332158995, 1593.4985364323052, 512.4612620969594, 512.4612620969594, 1041.1969680150398, 1146.7399785753703, 520.7968443093673, 512.4612620969594, 512.4612620969594, 857.829053026689, 1248.2359439144766, 512.4612620969594, 512.4612620969594, 1146.7399785753703, 465.0577967476539, 915.1145226694688, 512.4612620969594, 512.4612620969594, 496.06164986416434, 686.4092230814588, 804.7112144650872, 583.221519010668, 370.6193056236939, 512.4612620969594, 593.0140898421848, 512.4612620969594, 496.44684765642944, 830.1872445970744, 1110.610099216043, 512.4612620969594, 780.5819494558098, 659.4123425921227, 512.4612620969594, 1147.9132270971893, 830.1872445970744, 602.0351163981088, 706.9041856405923, 512.4612620969594, 512.4612620969594, 1223.189310480395, 830.1872445970744, 512.4612620969594, 529.1324265217751], "eval_risky_frac": [0.148, 0.4188, 0.6095999999999999, 0.0, 0.9895999999999998, 0.6487999999999999, 0.7696000000000001, 0.9464, 0.9032000000000001, 0.9483999999999999, 0.9987999999999999, 0.6659999999999999, 0.8003999999999999, 0.9936000000000001, 0.9315999999999999, 0.5556, 0.8356, 0.8760000000000001, 0.6876000000000001, 0.9872, 1.0, 0.27679999999999993, 0.0, 0.9592000000000002, 1.0, 0.9411999999999999, 0.5248, 0.86, 1.0, 0.8092, 0.0, 0.6931999999999999, 0.21599999999999997, 0.9984000000000001, 0.9624000000000001, 0.7075999999999999, 0.7879999999999999, 0.7052, 0.8916, 0.956, 0.8599999999999999, 0.6188000000000001, 0.9904, 0.9492, 1.0, 0.23600000000000002, 0.8848, 0.3736, 0.8432, 1.0, 0.79, 0.8896000000000001, 0.7916, 0.0748, 0.7212, 1.0, 0.0388, 0.9747999999999999, 0.9792000000000001, 0.7736], "converged_capitals": [830.8897258240635, 684.6320372695835, 1223.8148830578743, 268.6282930832455, 1533.5757634838671, 1861.1929858459023, 1861.1929858459023, 730.274173087556, 601.72737650647, 1533.5757634838671, 684.6320372695835, 370.9329133143141, 268.6282930832455, 1533.5757634838671, 1347.869323374493, 512.1993093155166, 4169.072288294821, 1008.392390214923, 601.72737650647, 305.6393023524926, 601.72737650647, 165.59505058674733, 326.0152558426589, 4169.072288294821, 176.63472062586388, 123.88796597200702, 1861.1929858459023, 305.6393023524926, 2741.345338049639, 1985.2725182356303, 1635.8141477161257, 4169.072288294821, 730.274173087556, 886.2823742123348, 4169.072288294821, 1533.5757634838671, 78.85478599368922, 601.72737650647, 1347.869323374493, 601.72737650647, 684.6320372695835, 601.72737650647, 730.274173087556, 1533.5757634838671, 1861.1929858459023, 1861.1929858459023, 830.8897258240636, 1861.1929858459023, 305.6393023524926, 601.72737650647, 123.88796597200704, 754.4167635610188, 6343.619940082216, 116.14496809875658, 2571.3256286977044, 5759.769408282858, 105.45528270921855, 512.4612620969594, 564.4079216232268, 2571.3256286977044, 1147.9132270971893, 359.24607788619954, 2571.3256286977044, 201.07384202674353, 3910.5041871203134, 512.4612620969594, 9.087008832164457, 450.40540613990555, 512.4612620969594, 779.3574990274855, 1745.7607978215676, 140.95697461703907, 2571.3256286977044, 123.88796597200704, 119.98467721582205, 123.88796597200704, 42.74528954650161, 1986.2878410769852, 2571.3256286977044, 1147.9132270971893, 116.14496809875658, 4037.7189897000217, 116.14496809875658, 512.4612620969594, 2333.474000961028, 251.96782215322625, 2571.3256286977044, 512.4612620969594, 1008.9081097533885, 2259.9541658475905, 1008.9081097533885, 1147.9132270971893, 132.14716370347418, 5226.981762152704, 8759.529379149502, 512.4612620969594, 8479.209878370042, 140.95697461703907, 2571.3256286977044, 9.087008832164457, 512.4612620969594, 102.13274515644119, 12901.883474553604, 2571.3256286977044, 512.4612620969594, 512.4612620969594, 2571.3256286977044, 102.13274515644119, 45.594975516268384, 20.354899784048385, 45.594975516268384, 20.354899784048385, 512.4612620969594, 5759.769408282858, 1147.9132270971893, 1147.9132270971893, 2571.3256286977044, 2571.3256286977044, 102.13274515644119, 1147.9132270971893, 20.354899784048385, 512.4612620969594, 5759.769408282858, 512.4612620969594, 1147.9132270971893, 512.4612620969594, 1147.9132270971893, 228.77734915042828, 45.594975516268384, 102.13274515644119, 512.4612620969594, 12901.883474553604, 1147.9132270971893, 1147.9132270971893, 1147.9132270971893, 1147.9132270971893, 1147.9132270971893, 512.4612620969594, 12901.883474553604, 5759.769408282858, 512.4612620969594, 512.4612620969594, 1.811026951563388, 512.4612620969594, 228.77734915042828, 228.77734915042828, 2571.3256286977044, 1147.9132270971893, 102.13274515644119, 1147.9132270971893, 3119.04180684759, 45.594975516268384, 512.4612620969594, 1264.2737444360287, 102.13274515644119, 512.4612620969594, 4169.072288294821, 228.77734915042828, 228.77734915042828, 1147.9132270971893, 1147.9132270971893, 102.13274515644119, 45.594975516268384, 2831.9731875367047, 512.4612620969594, 45.594975516268384, 2571.3256286977044, 4169.072288294821, 4169.072288294821, 4169.072288294821, 1861.1929858459023, 228.77734915042828, 45.594975516268384, 4169.072288294821, 1392.4293780569596, 1147.9132270971893, 45.594975516268384, 1147.9132270971893, 4169.072288294821, 4.056700371501989, 228.77734915042828, 512.4612620969594, 3119.04180684759, 228.77734915042828, 45.594975516268384, 4169.072288294821, 3119.04180684759, 1392.4293780569596, 4169.072288294821, 4169.072288294821, 4169.072288294821, 1147.9132270971893, 1861.1929858459023, 1392.4293780569596, 102.13274515644119, 228.77734915042828, 228.77734915042828, 512.4612620969594, 228.77734915042828, 1264.2737444360287, 102.13274515644119, 102.13274515644119, 3222.1561600417617, 5397.023634285228, 1986.2878410769843, 1986.2878410769843, 512.4612620969594, 3222.1561600417617, 228.77734915042828, 45.594975516268384, 5397.023634285228, 512.4612620969594, 4306.900255680025, 228.77734915042828, 228.77734915042828, 228.77734915042828, 20.354899784048385, 3222.1561600417617, 1.811026951563388, 512.4612620969594, 20.354899784048385, 