{"eval_steps": [5016, 10008, 15000, 20016, 25008, 30000, 35016, 40008, 45000, 50016, 55008, 60000, 65016, 70008, 75000, 80016, 85008, 90000, 95016, 100008, 105000, 110016, 115008, 120000, 125016, 130008, 135000, 140016, 145008, 150000, 155016, 160008, 165000, 170016, 175008, 180000, 185016, 190008, 195000, 200016, 205008, 210000, 215016, 220008, 225000, 230016, 235008, 240000, 245016, 250008, 255000, 260016, 265008, 270000, 275016, 280008, 285000, 290016, 295008, 300000], "eval_rewards": [-22.590475924657746, -12.535592214674846, 4.939508208471602, -1.5144646436580995, -1.5510664722436922, -3.5595588844479336, -11.191977376156295, 0.7858101940788293, -22.657708431045663, -22.566258990852983, -23.949166428379883, 4.189631692771664, -8.89435655466125, -5.831267450686652, -23.339283483024754, -23.79575576010218, -14.136009463230314, -2.691251715966063, -9.004714896174926, -17.77938303790977, -24.052521415958232, -1.6975105407669353, -0.6784834744301159, -23.852814794736858, -2.593241515052347, 4.939508208471602, -0.0739085615587563, -2.0452462894205046, 2.1057609545495164, -0.27578985162685266, -21.726960687083615, -19.18610157020801, -5.598202627059335, -5.298421398620133, -23.852814794736865, -6.795999761173282, 0.8396256025338578, -11.71896253998215, 4.939508208471602, -5.625663187043748, -6.427770052289759, -0.8679431155365129, 1.1787729383431456, -18.694612523453944, -24.624696821213966, 4.939508208471602, -0.614384331679242, -8.560037903940563, -24.394875623766296, 4.939508208471602, -2.1534667162683294, 4.939508208471602, -22.71852719343602, -11.542440649413484, -1.7938621744099579, -6.084310132967895, -2.19386502679047, -21.5520238554239, 1.5970583279260202, -24.737229831574364], "eval_capitals": [2.866702765103085, 64.26475425064882, 1146.7399785753705, 94.68574417015387, 43.67192204923602, 240.09661897365356, 0.15216212373693663, 107.37982358447788, 0.08790987919657772, 0.0022241267256619267, 0.0030256824381892935, 803.3732649905164, 2.6094121376777952, 2.5058593268968203, 0.001649002859220258, 0.0006090708722585646, 0.08325338473901969, 14.255918699129525, 0.4712058521970522, 2.5289691155315115, 0.0003200242922467969, 25.530757841357556, 58.4410082423089, 0.001280305373055662, 15.093603566103948, 1146.7399785753705, 62.65083733657938, 19.687047202714478, 478.8326208808419, 59.4689601225765, 0.0028769616723187887, 0.08409910069740127, 7.13915113129804, 10.703778380191945, 0.0010740147456636527, 124.93029366852389, 107.43262886163963, 0.35291691822396687, 1146.7399785753705, 2.4284825302297786, 3.7015495465278367, 47.77707925627682, 134.39400077957416, 0.013378928555129106, 0.00033113765934516257, 1146.7399785753705, 220.7931172108865, 11.538057419968249, 0.0005193777696391316, 1146.7399785753705, 18.22661847753328, 1146.7399785753705, 0.0015937544936401556, 9.116494989295113, 61.36802577724655, 16.804852595799034, 17.922309329226223, 0.008935209252631538, 172.02415014670154, 0.005202654624144034], "eval_risky_frac": [0.9756, 0.6, 0.0, 0.21960000000000002, 0.21839999999999996, 0.2888, 0.5791999999999999, 0.1332, 0.9444, 0.9792000000000001, 0.9984000000000001, 0.02, 0.4711999999999999, 0.354, 1.0, 1.0, 0.642, 0.2652, 0.47600000000000003, 0.7620000000000001, 1.0, 0.2348, 0.21240000000000003, 1.0, 0.2416, 0.0, 0.1708, 0.23399999999999999, 0.1004, 0.1832, 0.9215999999999999, 0.8540000000000001, 0.3631999999999999, 0.39080000000000004, 1.0, 0.41839999999999994, 0.1412, 0.5771999999999999, 0.0, 0.36760000000000004, 0.3968, 0.20120000000000005, 0.128, 0.8380000000000001, 0.9828, 0.0, 0.18800000000000006, 0.44880000000000003, 1.0, 0.0, 0.24760000000000001, 0.0, 0.9396, 0.5992000000000001, 0.2332, 0.38, 0.26280000000000003, 0.9264000000000001, 0.10959999999999999, 1.0]}