{"label": "DQN", "seed": 2, "eval_steps": [5008, 10000, 15008, 20000, 25008, 30000, 35008, 40000, 45008, 50000, 55008, 60000, 65008, 70000, 75008, 80000, 85008, 90000, 95008, 100000, 105008, 110000, 115008, 120000, 125008, 130000, 135008, 140000, 145008, 150000, 155008, 160000, 165008, 170000, 175008, 180000, 185008, 190000, 195008, 200000, 205008, 210000, 215008, 220000, 225008, 230000, 235008, 240000, 245008, 250000, 255008, 260000, 265008, 270000, 275008, 280000, 285008, 290000, 295008, 300000], "eval_rewards": [2.564624284511302, 2.6816759719302308, 2.6720814309140284, 2.5410859638524137, 2.7221526972214893, 2.492951900806884, 2.6715190549156103, 2.9964497464472215, 2.6098918993056595, 2.9492423759889346, 2.5196803534630514, 2.8082042332348545, 3.001636754769508, 2.943843372840695, 2.524395082084715, 2.524395082084715, 3.1160010131264992, 2.392453882215497, 2.485010133153577, 2.6231843800584875, 2.8284114831479434, 2.581068816820692, 2.938012722834549, 2.9484299247238455, 2.524395082084715, 2.524395082084715, 2.592119450785842, 2.5094776988017116, 2.62713749986578, 3.217811633516319, 2.6525533507235157, 2.657384873069334, 3.225824457247061, 2.7035513096182213, 2.5501181288701993, 2.575944033963481, 2.5549979412647406, 2.49792436190122, 2.693894543136939, 2.524395082084715, 2.7130176738959095, 2.6545641624648812, 2.524395082084715, 2.524395082084715, 3.253965817607455, 2.858256459321954, 2.5771855796844756, 2.907863103134792, 2.9114416967452588, 2.3739007846609463, 2.7908227987302197, 2.612546352730882, 3.0091659157852684, 2.663720778412821, 2.4925608867916997, 3.104759976957758, 2.696562931978522, 3.060261628183771, 2.6981142260292637, 2.5554867087837208], "eval_capitals": [512.4612620969594, 1689.0297342239217, 450.40540613990566, 564.407921623227, 480.4324332158994, 465.4189196779026, 647.5277884807475, 779.3574990274858, 684.6320372695836, 732.169837953556, 305.7956146784043, 645.9093805622224, 512.4612620969594, 512.4612620969594, 1146.7399785753703, 1146.7399785753703, 1922.7233284285821, 1484.4987898452437, 1583.4653758349273, 1041.1969680150403, 512.4612620969594, 1263.627490663587, 1744.868424230533, 512.4612620969594, 1146.7399785753703, 1146.7399785753703, 915.1145226694691, 546.3459299365512, 529.1324265217754, 1147.9132270971893, 512.4612620969594, 1689.0297342239217, 1147.9132270971893, 529.1324265217754, 1223.189310480395, 450.5247405992899, 641.8425349402348, 408.74220417274273, 450.40540613990555, 1146.7399785753703, 512.4612620969594, 684.9821768796257, 1146.7399785753703, 1146.7399785753703, 1076.168650403615, 480.4324332158995, 512.4612620969594, 512.4612620969594, 602.0351163981088, 396.6888434203393, 395.8641264901516, 480.4324332158995, 480.4324332158995, 480.4324332158995, 621.6202580611425, 1147.9132270971893, 621.6202580611425, 758.1484212544719, 450.40540613990555, 383.19581641194634], "eval_risky_frac": [1.0, 0.34680000000000005, 0.9024, 0.7123999999999999, 0.9308000000000001, 0.8588000000000001, 0.7919999999999999, 0.948, 0.6572, 0.8564, 0.7988000000000001, 0.9196000000000001, 0.9388, 0.9580000000000001, 0.0, 0.0, 0.58, 0.08, 0.21999999999999997, 0.22000000000000003, 1.0, 0.2792, 0.46559999999999996, 0.9024, 0.0, 0.0, 0.17919999999999994, 0.5292, 0.7011999999999999, 1.0, 1.0, 0.2688, 0.9915999999999999, 0.7903999999999999, 0.046400000000000004, 0.7116, 0.2896, 0.6824000000000001, 0.9228000000000001, 0.0, 0.978, 0.7872000000000001, 0.0, 0.0, 0.9319999999999999, 0.98, 1.0, 0.9976, 0.7887999999999998, 0.9139999999999999, 0.84, 0.946, 0.9515999999999998, 0.9675999999999999, 0.4603999999999999, 1.0, 0.6604000000000001, 0.8415999999999998, 0.956, 0.7875999999999999], "converged_capitals": [512.4612620969594, 228.77734915042828, 201.07384202674353, 512.4612620969594, 228.77734915042828, 20.354899784048385, 102.13274515644119, 9.087008832164457, 2571.3256286977044, 1147.9132270971893, 512.4612620969594, 2571.3256286977044, 2571.3256286977044, 512.4612620969594, 5759.769408282858, 1147.9132270971893, 20.354899784048385, 228.77734915042828, 512.4612620969594, 1147.9132270971893, 1008.9081097533885, 512.4612620969594, 2571.3256286977044, 512.4612620969594, 5759.769408282858, 228.77734915042828, 1147.9132270971893, 512.4612620969594, 102.13274515644119, 228.77734915042828, 102.13274515644119, 45.594975516268384, 512.4612620969594, 1147.9132270971893, 2571.3256286977044, 512.4612620969594, 5759.769408282858, 2571.3256286977044, 512.4612620969594, 1147.9132270971893, 1147.9132270971893, 20.354899784048385, 1147.9132270971893, 1147.9132270971893, 512.4612620969594, 1008.9081097533885, 2571.3256286977044, 102.13274515644119, 512.4612620969594, 512.4612620969594, 6766.5279360877, 53.5645880427777, 44.13586050888053, 3020.7714000391516, 1348.558660731764, 236.2198332686497, 3020.7714000391516, 53.5645880427777, 496.06164986416417, 119.98467721582206, 3020.7714000391516, 602.0351163981088, 268.7656769634414, 119.98467721582206, 602.0351163981088, 602.0351163981088, 602.0351163981088, 221.456093689359, 268.7656769634414, 1264.2737444360282, 6766.5279360877, 268.7656769634414, 1348.558660731764, 1111.1780956957277, 1111.1780956957277, 1348.558660731764, 268.7656769634414, 236.2198332686497, 1348.558660731764, 602.0351163981088, 3020.7714000391516, 1348.558660731764, 602.0351163981088, 1111.1780956957277, 1185.2566354087771, 119.98467721582206, 1348.558660731764, 3020.7714000391516, 15157.02257683645, 268.7656769634414, 3020.7714000391516, 602.0351163981088, 602.0351163981088, 268.7656769634414, 602.0351163981088, 53.5645880427777, 2489.03893435843, 268.7656769634414, 268.7656769634414, 6766.5279360877, 214.47876482852655, 53.5645880427777, 30.955986260771414, 2410.617776904098, 30.955986260771414, 286.68338876100415, 422.2550682561616, 347.92745492298457, 480.4324332158995, 1076.168650403615, 214.47876482852655, 480.4324332158995, 2410.617776904098, 95.74944858416363, 945.8513528938021, 29.02123711947321, 1076.168650403615, 480.4324332158995, 2410.617776904098, 30.955986260771414, 422.2550682561616, 1534.3600762103617, 84.15478879467504, 684.9821768796257, 480.4324332158995, 165.6797404395165, 642.1707908246493, 60.94459795089371, 1076.168650403615, 684.9821768796257, 95.74944858416363, 480.4324332158995, 450.40540613990555, 136.5158994100019, 40.07370894984525, 22.4182148616536, 347.92745492298457, 450.40540613990555, 2410.617776904098, 5399.783820265179, 5399.783820265179, 480.4324332158995, 371.122618584517, 214.47876482852655, 286.68338876100415, 2410.617776904098, 10.675340410311238, 17.317537343921106, 155.32475666204667, 23.912762519097175, 160.37771334205337, 251.96782215322622, 1041.729464714745, 1986.2878410769852, 395.8641264901516, 395.8641264901516, 78.89511449500787, 395.8641264901516, 1986.2878410769852, 1986.2878410769852, 38.79128365038327, 395.8641264901516, 395.8641264901516, 4449.284764012447, 1986.2878410769852, 112.48563488983312, 886.7356433379397, 57.135560578962874, 1264.2737444360282, 1986.2878410769852, 395.8641264901516, 171.0695608981903, 326.1819889902982, 37.549898092232965, 22324.73123190886, 92.68530706864915, 371.122618584517, 886.7356433379397, 886.7356433379397, 116.14496809875656, 160.37771334205337, 395.8641264901516, 886.7356433379397, 176.72505646881766, 326.1819889902982, 4449.284764012447, 886.7356433379397, 4449.284764012447, 1986.2878410769852, 1264.2737444360282, 858.3586287627598, 9966.397871387882, 176.72505646881766, 98.8643275398924, 2831.9731875367033, 145.6169593706688, 395.8641264901516, 564.4079216232268, 53.56458804277769, 4449.284764012447, 17.89004863832377, 2410.617776904098, 3910.504187120312, 480.4324332158995, 480.4324332158995, 251.96782215322622, 1986.2878410769852, 42.74528954650162, 89.76510804765336, 1076.168650403615, 214.47876482852655, 1076.168650403615, 69.34140922412797, 78.89511449500787, 1076.168650403615, 36.36682842223432, 214.47876482852655, 480.4324332158995, 214.47876482852655, 2410.617776904098, 2410.617776904098, 480.4324332158995, 78.89511449500787, 