{"eval_steps": [5016, 10008, 15000, 20016, 25008, 30000, 35016, 40008, 45000, 50016, 55008, 60000, 65016, 70008, 75000, 80016, 85008, 90000, 95016, 100008, 105000, 110016, 115008, 120000, 125016, 130008, 135000, 140016, 145008, 150000, 155016, 160008, 165000, 170016, 175008, 180000, 185016, 190008, 195000, 200016, 205008, 210000, 215016, 220008, 225000, 230016, 235008, 240000, 245016, 250008, 255000, 260016, 265008, 270000, 275016, 280008, 285000, 290016, 295008, 300000], "eval_rewards": [1.4813184455668398, 1.404871162216004, -20.672880096889283, -19.440766065579076, -17.445653997126858, -3.8153290913327953, -11.362601624303432, -2.0301706242169235, 1.2993415057909312, -23.93840334668887, -22.797222653995313, -24.00729442034748, 1.8656927769868725, 3.6814451677241986, -20.662743379316918, -2.079194101764217, -2.504482845282419, -23.082517827168708, -23.196635896438064, -24.597273015410423, -23.995462381323556, -19.437522439399423, -23.681637690832826, -9.683599177731267, -8.402867507907184, -22.73367636700134, -25.364879212555824, -20.266979602087243, -24.461075927002156, 4.939508208471602, -9.311572986911193, -4.825141380706694, -0.26071418642327054, -24.22369851986226, -9.236231415074156, -18.027080933526378, -23.510460586928783, -8.117535580552927, -23.470025522225782, -22.741159068331825, -24.9084069354784, 0.09133414574287632, 4.275220244723683, -2.27565709680594, -3.0713502180543895, -23.025458792534028, -7.871606514749621, -7.5808562923689875, -23.367813000342093, -3.2139242962793446, -15.113200176859516, -8.830257411910372, -1.638829693042432, -24.784594741850967, -24.73343334963782, -23.025458792534028, -22.85428168862999, -24.737229831574368, -1.053679783068099, -23.852814794736858], "eval_capitals": [156.2521401268995, 161.86906453225862, 3.6307172811395496, 7.819105105259707, 13.637764143987475, 10.181985775462353, 528.820937489936, 21.78114644640089, 147.3936619043588, 0.0007636424749137188, 0.0022417739576333982, 0.7761855829484077, 384.56210939454576, 552.8579266556138, 13.886528200325472, 31.00854878869769, 24.97809972216435, 0.0037883139569899983, 0.01817998802190479, 0.0036741617548562006, 0.0006978378057825832, 7.128123773417656, 0.002852734639178963, 0.4958754299920804, 3.2853498207741416, 25.27360357877412, 0.0007689899963435454, 88.87058285165351, 0.0022020756760379703, 1146.7399785753705, 0.8657302550686459, 79.3267321529792, 60.352301229152005, 0.0011972562566146254, 0.31981011192375, 15.24362421527498, 0.0014619122967368164, 0.7867574611778747, 0.0015499566541370133, 0.0007308559374042256, 0.0006178727417099877, 78.3519064782165, 844.0006242314724, 31.23912138518441, 12.442354793927182, 0.0009145956954198554, 0.6566046384707753, 1.658834589641194, 0.001657995123981664, 40.855356756722315, 1.3791315333609822, 1.6009087403782525, 28.55799734943667, 0.0006534411151689027, 1.014965825683693, 0.004383154276198338, 0.0025794571697363177, 0.0026168353450515044, 71.55118389309766, 0.0005536035542556436], "eval_risky_frac": [0.1136, 0.1192, 0.8619999999999999, 0.8839999999999999, 0.7691999999999999, 0.33559999999999995, 0.5708, 0.23199999999999996, 0.13319999999999999, 1.0, 1.0, 0.9940000000000001, 0.0944, 0.042, 0.9144, 0.25439999999999996, 0.276, 1.0, 1.0, 0.9996, 1.0, 0.8760000000000001, 1.0, 0.5319999999999999, 0.4552000000000001, 0.9840000000000001, 1.0, 0.846, 0.9944, 0.0, 0.494, 0.32120000000000004, 0.18120000000000006, 1.0, 0.5052, 0.81, 1.0, 0.434, 0.9635999999999999, 0.9531999999999999, 1.0, 0.1784, 0.02, 0.2464, 0.302, 1.0, 0.47480000000000006, 0.4331999999999999, 1.0, 0.2596, 0.7512000000000001, 0.4468000000000001, 0.2308, 0.9972, 0.9836, 1.0, 1.0, 1.0, 0.21599999999999997, 1.0]}