{"eval_steps": [5000, 10000, 15000, 20000, 25000, 30000, 35000, 40000, 45000, 50000, 55000, 60000, 65000, 70000, 75000, 80000, 85000, 90000, 95000, 100000, 105000, 110000, 115000, 120000, 125000, 130000, 135000, 140000, 145000, 150000, 155000, 160000, 165000, 170000, 175000, 180000, 185000, 190000, 195000, 200000], "eval_returns": [2.5992476511306295, 2.512655153473418, 2.718835262609356, 2.406774420404586, 2.685745608246328, 2.439508208471602, 2.637047550520408, 2.9735594071496445, 2.619148824295626, 2.4709905952490225, 2.72593887963379, 2.8489630389796416, 2.5293417914672003, 2.439508208471602, 2.7391252336832523, 2.41776924643081, 2.439508208471602, 2.5300291010406264, 2.537787096025598, 2.727379362006409, 2.3754173786329917, 2.6432312095326584, 2.502606835626551, 2.4575078566836055, 2.4602570949773037, 2.9309504678944625, 2.404446911632672, 2.5486831272131716, 2.8254298554187876, 2.577512943386977, 2.6539339053400655, 2.7774828433434897, 2.2003223497712976, 2.787531161190357, 2.655929970834571, 2.9795476036331605, 2.625297424546423, 2.6528206119477185, 2.439508208471602, 2.706957664480976], "eval_capitals": [1638.228974801938, 1247.2987002531036, 1975.1798193469792, 1437.5919433641732, 2331.8162406070537, 1146.7399785753703, 1949.8485859434577, 3081.9567866032894, 1579.3818947473665, 1299.9674763305652, 2224.454142212303, 2473.6109153652174, 1459.8037567210517, 1146.7399785753703, 2501.40133042124, 1431.428083460115, 1146.7399785753703, 1763.1092699521769, 1720.0133193812558, 2053.9476941159255, 1703.3609718448233, 2277.2870157234483, 1337.0275801827386, 1213.0723475673017, 1226.8251548527257, 2445.966905446656, 2177.478949106896, 1648.9569178733268, 3020.8217343872557, 2330.502975590055, 1902.5621721344683, 2462.6819381992614, 1375.6788522129182, 3579.1381958059023, 2194.5198425778826, 3096.6697077711733, 2119.409212076511, 2245.675676127273, 1146.7399785753703, 2053.331001376096]}