{"eval_steps": [5016, 10008, 15000, 20016, 25008, 30000, 35016, 40008, 45000, 50016, 55008, 60000, 65016, 70008, 75000, 80016, 85008, 90000, 95016, 100008, 105000, 110016, 115008, 120000, 125016, 130008, 135000, 140016, 145008, 150000, 155016, 160008, 165000, 170016, 175008, 180000, 185016, 190008, 195000, 200016, 205008, 210000, 215016, 220008, 225000, 230016, 235008, 240000, 245016, 250008, 255000, 260016, 265008, 270000, 275016, 280008, 285000, 290016, 295008, 300000], "eval_rewards": [3.1939851571500437, 2.6953785069186025, 2.915740092921019, 2.6797248332519468, 2.610101341729612, 3.2558623880266633, 2.7877469080550936, 2.998965813525928, 2.9755633268115576, 2.6067347429450956, 3.0170048251307775, 2.9481963372755344, 2.9343986011853667, 2.524395082084715, 3.041953501091891, 2.6639060758124127, 2.925456532465378, 2.524395082084715, 2.8882753498811997, 2.4611481287485826, 3.0444695681705976, 2.851982779443548, 2.7069179084027364, 2.9367978745399177, 2.590899497687204, 2.524395082084715, 2.524395082084715, 2.7855189966837757, 2.909042423390707, 2.7656050072820757, 3.1234756058831827, 2.856552843508338, 3.0602425879634114, 2.9791470252260246, 2.8752633676297603, 2.8780371671811404, 2.769224233735261, 2.841785229586207, 2.872695284693978, 2.639992055550343, 2.95717903883824, 2.5844405204092027, 2.676996771347285, 2.9455469886543115, 3.0042696155723707, 2.7709468897692373, 2.954024434879677, 2.6790050306866506, 3.1881405717275406, 2.703181888225393, 2.6842517120720144, 2.904882413561463, 2.966778684658443, 2.702679185290051, 3.2429723043033833, 2.739124077490577, 3.0542050479353167, 2.8048350820483394, 2.526163475765411, 2.877357997458566], "eval_capitals": [512.4612620969594, 1861.192985845903, 512.4612620969594, 684.9821768796257, 915.8251200194126, 1147.9132270971893, 480.4324332158995, 512.4612620969594, 978.6560010308444, 886.2823742123344, 512.4612620969594, 862.6044259606438, 512.4612620969594, 1146.7399785753703, 512.4612620969594, 1484.4987898452432, 512.4612620969594, 1146.7399785753703, 512.4612620969594, 1146.6185946004916, 830.1872445970744, 564.4079216232268, 564.4079216232268, 512.4612620969594, 1583.4653758349273, 1146.7399785753703, 1146.7399785753703, 564.407921623227, 736.7427282269838, 512.4612620969594, 945.8513528938021, 512.4612620969594, 859.0251544836289, 512.4612620969594, 1801.631716505517, 512.4612620969594, 512.4612620969594, 512.4612620969594, 512.4612620969594, 512.4612620969594, 480.4324332158995, 1185.256635408777, 347.9274549229847, 830.1872445970744, 512.4612620969594, 512.4612620969594, 830.1872445970744, 1184.6507724971125, 830.1872445970744, 1043.899734432901, 1689.8935503766832, 512.4612620969594, 512.4612620969594, 1170.2211974198212, 830.1872445970744, 1111.1780956957282, 1147.9132270971893, 481.30235772771107, 496.06164986416417, 529.1324265217754], "eval_risky_frac": [0.9328, 0.27599999999999997, 0.9536000000000001, 0.7232, 0.30519999999999997, 0.9112, 0.9956, 0.9416000000000001, 0.6896000000000001, 0.4216, 0.9716, 0.7672, 0.998, 0.0, 1.0, 0.1284, 0.9848, 0.0, 0.9316, 0.4764, 0.9936, 0.7044000000000001, 0.6739999999999999, 0.924, 0.11839999999999998, 0.0, 0.0, 0.7816000000000001, 0.8628, 1.0, 0.9483999999999999, 0.9404, 0.8736, 1.0, 0.3696000000000001, 0.9856, 0.9867999999999998, 0.9540000000000001, 0.9912000000000001, 1.0, 0.976, 0.682, 0.8220000000000002, 0.9976, 1.0, 0.9944, 1.0, 0.3496000000000001, 0.9915999999999999, 0.6195999999999999, 0.504, 0.9932, 0.9396, 0.6728000000000001, 0.936, 0.644, 0.9928, 0.7764, 0.7223999999999999, 0.8076000000000001], "converged_capitals": [1801.631716505517, 78.89511449500787, 315.74362314216745, 621.6202580611423, 251.96782215322634, 145.61695937066884, 1801.631716505517, 1184.6507724971125, 1801.631716505517, 1801.631716505517, 1801.631716505517, 621.6202580611423, 165.67974043951645, 383.19581641194617, 408.74220417274285, 621.6202580611423, 1801.631716505517, 830.8897258240635, 1801.631716505517, 1801.631716505517, 1801.631716505517, 1801.631716505517, 1184.6507724971125, 1184.6507724971125, 1801.631716505517, 830.8897258240635, 1801.631716505517, 546.345929936551, 1184.6507724971125, 1801.631716505517, 105.4552827092186, 1184.6507724971125, 1184.6507724971125, 1801.631716505517, 1801.631716505517, 1801.631716505517, 1801.631716505517, 546.345929936551, 1801.631716505517, 1801.631716505517, 1801.631716505517, 1184.6507724971125, 435.99168445092545, 1184.6507724971125, 336.79319801831207, 1801.631716505517, 830.8897258240635, 1801.631716505517, 1801.631716505517, 50.216801290104065, 89.76510804765338, 1147.9132270971893, 5759.769408282858, 512.4612620969594, 5759.769408282858, 1147.9132270971893, 5759.769408282858, 228.77734915042828, 2571.3256286977044, 214.4787648285265, 176.72505646881763, 188.50672690007212, 12901.883474553604, 512.4612620969594, 201.0738420267436, 1147.9132270971893, 1147.9132270971893, 28900.218983000075, 9.087008832164457, 1147.9132270971893, 5759.769408282858, 45.594975516268384, 512.4612620969594, 2571.3256286977044, 5759.769408282858, 512.4612620969594, 2571.3256286977044, 176.72505646881763, 45.594975516268384, 201.0738420267436, 2571.3256286977044, 214.4787648285265, 1147.9132270971893, 20.354899784048385, 2571.3256286977044, 5759.769408282858, 12901.883474553604, 201.0738420267436, 512.4612620969594, 512.4612620969594, 20.354899784048385, 20.354899784048385, 28900.218983000075, 2571.3256286977044, 512.4612620969594, 1147.9132270971893, 228.77734915042828, 1147.9132270971893, 5759.769408282858, 512.4612620969594, 3019.227284358864, 31.963032792979387, 2409.38555102019, 465.05779674765404, 831.3146656293181, 1802.553120401796, 268.7656769634414, 251.96782215322634, 1111.1780956957282, 730.647655338268, 150.35410625817505, 251.96782215322634, 2570.0112544215367, 3019.227284358864, 3019.227284358864, 1802.553120401796, 182.47419829140298, 98.86432753989247, 92.6853070686492, 1485.2580032607568, 1185.256635408777, 251.9678221532263, 831.3146656293181, 2570.0112544215367, 3019.227284358864, 465.05779674765404, 3019.227284358864, 123.88796597200702, 1111.1780956957282, 3019.227284358864, 92.68530706864915, 150.35410625817505, 98.86432753989241, 23.912762519097196, 1802.553120401796, 730.6476553382684, 36.36682842223434, 38.79128365038328, 105.4552827092186, 976.6213731700735, 3019.227284358864, 1802.553120401796, 1111.1780956957282, 3019.227284358864, 3019.227284358864, 2570.0112544215367, 1111.1780956957282, 976.6213731700735, 3019.227284358864, 1922.7233284285821, 1689.8935503766832, 86.89247537685857, 132.14716370347418, 1185.256635408777, 92.68530706864915, 1689.8935503766832, 1185.256635408777, 1635.8141477161246, 2117.6240194513375, 2186.5136328315853, 2186.5136328315853, 2186.5136328315853, 2186.5136328315853, 165.67974043951648, 2186.5136328315853, 2186.5136328315853, 2186.5136328315853, 2186.5136328315853, 2186.5136328315853, 2186.5136328315853, 1689.8935503766832, 2186.5136328315853, 102.08053836804771, 2186.5136328315853, 2186.5136328315853, 1.811026951563388, 2186.5136328315853, 326.1819889902982, 132.14716370347418, 326.1819889902982, 1689.8935503766832, 1185.256635408777, 326.1819889902982, 296.0096466957821, 1689.8935503766832, 2186.5136328315853, 2186.5136328315853, 145.6169593706688, 2117.6240194513375, 1689.8935503766832, 4.056700371501989, 36.366828422234335, 422.2550682561616, 132.14716370347418, 831.3146656293181, 1689.8935503766832, 2186.5136328315853, 2186.5136328315853, 2186.5136328315853, 2117.6240194513375, 1147.9132270971893, 1147.9132270971893, 5759.769408282858, 188.50672690007212, 512.4612620969594, 228.77734915042828, 2571.3256286977044, 5759.769408282858, 512.4612620969594, 188.50672690007212, 228.77734915042828, 9.087008832164457, 45.594975516268384, 1147.9132270971893, 0.8084941748050839, 5759.769408282858, 512.4612620969594, 2571.3256286977044, 228.77734915042828, 2571.3256286977044, 1147.9132270971893, 2571.3256286977044, 512.4612620969594, 5759.769408282858, 5759.769408282858, 512.4612620969594, 