{"label": "DQN", "seed": 0, "eval_steps": [5008, 10000, 15008, 20000, 25008, 30000, 35008, 40000, 45008, 50000, 55008, 60000, 65008, 70000, 75008, 80000, 85008, 90000, 95008, 100000, 105008, 110000, 115008, 120000, 125008, 130000, 135008, 140000, 145008, 150000, 155008, 160000, 165008, 170000, 175008, 180000, 185008, 190000, 195008, 200000, 205008, 210000, 215008, 220000, 225008, 230000, 235008, 240000, 245008, 250000, 255008, 260000, 265008, 270000, 275008, 280000, 285008, 290000, 295008, 300000], "eval_rewards": [2.6532248632400903, 2.695726335689069, 2.4439215684088267, 3.197139761108607, 3.0043267362334483, 2.6526675920456717, 2.510556713151829, 2.524395082084715, 2.5050599564997937, 2.995637295182131, 2.7975204682605312, 2.9039099833274973, 2.790203302070721, 2.5607828536241635, 2.9274889368291026, 2.8687853501314025, 2.654795197511193, 2.882914427173679, 2.6399920555503416, 2.7123791370160535, 2.6662101480651668, 2.776753394751022, 3.1266302098417453, 2.7617090081358615, 2.8498526215760283, 3.0168309107455444, 2.410791259135736, 2.612345740919287, 2.524395082084715, 2.524395082084715, 2.524395082084715, 2.8108561342580756, 2.5361058455520795, 2.684525932363048, 2.524395082084715, 2.7040895405922805, 2.6993671547646154, 2.524395082084715, 2.913721623973655, 3.1357461929469665, 2.524395082084715, 2.483654346110429, 2.638984097277659, 2.7415639836878474, 2.69491388442398, 2.524395082084715, 3.3732695614220636, 3.0137143872277004, 2.714254114812903, 2.9774434094124063, 2.9242149867443845, 2.877898780834625, 2.524395082084715, 2.991708320399198, 2.7274158664252144, 2.430509741529845, 2.9234241281016535, 2.9435501123293064, 2.6393725588908454, 3.0471405094141786], "eval_capitals": [858.5860500181996, 1921.7404976058845, 605.2305127854262, 1147.9132270971893, 888.5830092615602, 251.96782215322628, 1223.189310480395, 1146.7399785753703, 1304.7352645124206, 512.4612620969594, 512.4612620969594, 886.282374212335, 671.8879638631388, 1484.4987898452437, 512.4612620969594, 512.4612620969594, 742.5322094496438, 451.34375073603053, 512.4612620969594, 512.4612620969594, 1484.4987898452437, 512.4612620969594, 815.416764886714, 1075.6185495625841, 707.2657158384559, 512.4612620969594, 248.77151305693482, 1484.4987898452437, 1146.7399785753703, 1146.7399785753703, 1146.7399785753703, 512.4612620969594, 1583.4653758349273, 583.2215190106679, 1146.7399785753703, 1247.5978881206252, 1263.6274906635874, 1146.7399785753703, 1111.4725012146712, 755.0025771828767, 1146.7399785753703, 1223.1893104803949, 465.4189196779025, 1041.729464714745, 1583.4653758349273, 1146.7399785753703, 778.3005418097572, 1008.9081097533885, 730.647655338268, 512.4612620969594, 976.6213731700739, 976.6213731700739, 1146.7399785753703, 512.4612620969594, 565.5837714599421, 496.19308089940654, 512.4612620969594, 915.5825373469438, 481.4333341184325, 512.4612620969594], "eval_risky_frac": [0.3992, 0.21919999999999998, 0.4004, 0.9087999999999999, 0.904, 0.8079999999999999, 0.0352, 0.0, 0.037200000000000004, 0.9940000000000001, 0.9308, 0.5164, 0.8255999999999999, 0.06720000000000001, 0.9996, 0.9652, 0.6628000000000001, 0.9692000000000001, 1.0, 0.9956, 0.2144, 0.9996, 0.9244, 0.42279999999999995, 0.5900000000000001, 1.0, 0.9279999999999999, 0.22760000000000002, 0.0, 0.0, 0.0, 0.9488, 0.10999999999999999, 0.8347999999999999, 0.0, 0.41359999999999997, 0.43360000000000004, 0.0, 0.3876, 0.9091999999999999, 0.0, 0.12359999999999999, 0.8468000000000001, 0.7656000000000001, 0.26520000000000005, 0.0, 0.98, 0.96, 0.7472, 0.9603999999999999, 0.6964, 0.6904, 0.0, 1.0, 0.7936, 0.5104, 0.97, 0.6592000000000001, 0.9856, 0.9908], "converged_capitals": [1008.9081097533885, 11339.546022556871, 2259.9541658475905, 201.07384202674353, 1008.9081097533885, 2259.9541658475905, 2259.9541658475905, 2259.9541658475905, 450.40540613990555, 201.07384202674353, 2259.9541658475905, 201.07384202674353, 89.76510804765336, 5062.297331498603, 1008.9081097533885, 450.40540613990555, 201.07384202674353, 1008.9081097533885, 450.40540613990555, 1008.9081097533885, 201.07384202674353, 450.40540613990555, 40.07370894984525, 201.07384202674353, 5062.297331498603, 40.07370894984525, 2259.9541658475905, 5062.297331498603, 2259.9541658475905, 2259.9541658475905, 17.89004863832377, 2259.9541658475905, 1008.9081097533885, 1008.9081097533885, 89.76510804765336, 1008.9081097533885, 5062.297331498603, 2259.9541658475905, 89.76510804765336, 201.07384202674353, 5062.297331498603, 5062.297331498603, 40.07370894984525, 40.07370894984525, 2259.9541658475905, 450.40540613990555, 89.76510804765336, 201.07384202674353, 450.40540613990555, 201.07384202674353, 3785.3615528437717, 145.6169593706688, 326.1819889902982, 160.3777133420534, 145.6169593706688, 2333.474000961029, 730.647655338268, 730.647655338268, 112.48563488983312, 435.9916844509258, 221.456093689359, 684.9821768796257, 194.63914484416327, 326.1819889902982, 1922.7233284285815, 3785.3615528437717, 730.647655338268, 730.647655338268, 86.8924753768586, 326.1819889902982, 145.6169593706688, 3785.3615528437717, 1689.8935503766838, 65.00757114762, 5756.825209904242, 496.06164986416417, 730.647655338268, 2333.474000961029, 326.1819889902982, 182.47419829140298, 1348.558660731764, 730.647655338268, 730.647655338268, 730.647655338268, 2050.9048836571546, 5756.825209904242, 730.647655338268, 36.36682842223433, 251.96782215322622, 5756.825209904242, 326.1819889902982, 19.703509155750233, 1185.2566354087762, 5756.825209904242, 1348.558660731764, 1802.553120401795, 23.14751436917183, 50.216801290104065, 326.1819889902982, 2333.474000961029, 2571.3256286977044, 2571.3256286977044, 20.354899784048385, 102.13274515644119, 9647.456572723255, 512.4612620969594, 512.4612620969594, 2571.3256286977044, 228.77734915042828, 102.13274515644119, 512.4612620969594, 45.594975516268384, 6343.619940082217, 6343.619940082217, 512.4612620969594, 102.13274515644119, 1147.9132270971893, 4449.284764012445, 1147.9132270971893, 228.77734915042828, 102.13274515644119, 45.594975516268384, 4449.284764012445, 45.594975516268384, 512.4612620969594, 45.594975516268384, 6343.619940082217, 228.77734915042828, 45.594975516268384, 228.77734915042828, 512.4612620969594, 2571.3256286977044, 512.4612620969594, 1147.9132270971893, 102.13274515644119, 228.77734915042828, 102.13274515644119, 512.4612620969594, 1147.9132270971893, 6343.619940082217, 512.4612620969594, 6343.619940082217, 102.13274515644119, 6343.619940082217, 1147.9132270971893, 512.4612620969594, 4449.284764012445, 4449.284764012445, 512.4612620969594, 512.4612620969594, 435.9916844509258, 435.9916844509258, 194.63914484416327, 2187.6318759009655, 194.63914484416327, 4900.295402018163, 976.6213731700739, 4900.295402018163, 2187.6318759009655, 915.5825373469438, 4900.295402018163, 976.6213731700739, 435.9916844509258, 86.8924753768586, 435.9916844509258, 435.9916844509258, 435.9916844509258, 2050.904883657154, 976.6213731700739, 4594.026939392026, 4900.295402018163, 976.6213731700739, 408.74220417274273, 976.6213731700739, 2187.6318759009655, 2187.6318759009655, 4900.295402018163, 194.63914484416327, 915.5825373469438, 976.6213731700739, 858.3586287627598, 976.6213731700739, 435.9916844509258, 976.6213731700739, 2187.6318759009655, 976.6213731700739, 976.6213731700739, 976.6213731700739, 86.8924753768586, 2187.6318759009655, 4900.295402018163, 976.6213731700739, 2187.6318759009655, 194.63914484416327, 86.8924753768586, 194.63914484416327, 194.63914484416327, 16.235191259926037, 2187.6318759009655, 81.4616956658049, 435.9916844509258, 976.6213731700739, 2187.6318759009655, 2187.6318759009655, 194.63914484416327, 194.63914484416327, 4900.295402018163, 4900.295402018163, 4900.295402018163, 194.63914484416327, 435.9916844509258, 976.6213731700739, 194.63914484416327, 8.51471612068775, 13.377385376525972, 976.6213731700739, 2187.6318759009655, 4900.295402018163, 2187.6318759009655, 435.9916844509258, 435.9916844509258, 4900.295402018163, 2187.6318759009655, 976.6213731700739, 