{"eval_steps": [5016, 10008, 15000, 20016, 25008, 30000, 35016, 40008, 45000, 50016, 55008, 60000, 65016, 70008, 75000, 80016, 85008, 90000, 95016, 100008, 105000, 110016, 115008, 120000, 125016, 130008, 135000, 140016, 145008, 150000, 155016, 160008, 165000, 170016, 175008, 180000, 185016, 190008, 195000, 200016, 205008, 210000, 215016, 220008, 225000, 230016, 235008, 240000, 245016, 250008, 255000, 260016, 265008, 270000, 275016, 280008, 285000, 290016, 295008, 300000], "eval_rewards": [2.7926812887087102, 2.7084476098311194, 2.9791470252260233, 2.6933867353975955, 2.593203569939958, 2.547468780248977, 2.78433967642786, 2.5844544558255635, 2.5224223507840686, 2.826064225650467, 2.9639338290296284, 2.979147025226024, 2.9068170644213907, 2.8916013158229945, 2.523878443733016, 2.7781663024552494, 2.7814110027116086, 2.8370818839789003, 2.8656307461728407, 2.553954454953339, 2.941463139706504, 2.443823814905027, 2.9026900302288614, 2.6070609790932036, 2.524395082084715, 2.6852951983834172, 3.032739764482873, 3.0293922059187177, 2.597887875326905, 2.8422257070564685, 2.5695205847241995, 3.199519994242796, 2.5037257620790023, 2.4638381102125226, 2.974908302113341, 3.131798177943674, 2.9487206328332345, 3.2712685388286524, 2.8423260129622667, 2.481083710772646, 2.691759280465417, 2.5650838022019258, 2.528660502623758, 2.965634892441244, 2.8158501879747693, 2.753774897688552, 2.9613174560451245, 3.0083534645201784, 2.5196536560366924, 2.921837306012193, 2.6733127670270256, 3.1424438624772777, 2.8235532633757634, 2.983076000008958, 2.7937844480831893, 2.662172036764078, 2.524395082084715, 2.8143344219627435, 3.054514796265064, 3.054514796265064], "eval_capitals": [1129.5456613964584, 594.2583603806002, 512.4612620969594, 1744.1595511134128, 1689.0297342239223, 1801.631716505517, 557.2481892475341, 1391.7176154799165, 1484.4987898452437, 1533.5757634838671, 830.1872445970744, 512.4612620969594, 621.5544587176134, 931.4518736912041, 546.345929936551, 512.4612620969594, 976.1221575141002, 538.4345918600933, 512.4612620969594, 729.2837822090066, 512.4612620969594, 1484.4987898452437, 1305.4025419283992, 1484.4987898452437, 1146.7399785753703, 1110.610099216042, 643.5086466388673, 512.4612620969594, 1184.6507724971123, 1635.8141477161266, 512.4612620969594, 1147.9132270971893, 1583.4653758349275, 1077.8594215408405, 512.4612620969594, 779.3574990274855, 512.4612620969594, 945.8513528938021, 512.4612620969594, 621.6202580611427, 1263.6274906635865, 707.2657158384559, 410.76401236221136, 730.647655338268, 512.4612620969594, 1147.3264528667573, 971.2463806625229, 512.4612620969594, 1391.717615479916, 512.4612620969594, 976.1221575141003, 1147.9132270971893, 512.4612620969594, 512.4612620969594, 512.4612620969594, 512.4612620969594, 1146.7399785753703, 1437.7272782661255, 512.4612620969594, 512.4612620969594], "eval_risky_frac": [0.8832000000000001, 0.742, 1.0, 0.4568, 0.20439999999999997, 0.27680000000000005, 0.9164, 0.13080000000000003, 0.1488, 0.45880000000000004, 0.9708, 1.0, 0.9083999999999999, 0.6196, 0.6044, 1.0, 0.29679999999999995, 0.9419999999999998, 0.9891999999999999, 0.4600000000000001, 1.0, 0.3008, 0.4556, 0.13720000000000002, 0.0, 0.3336, 0.9155999999999999, 1.0, 0.2484, 0.47759999999999997, 0.9516, 0.8668, 0.1684, 0.44160000000000005, 0.9987999999999999, 0.9472, 0.9416, 0.8799999999999999, 0.8367999999999999, 0.4856, 0.28919999999999996, 0.4916000000000001, 0.7480000000000001, 0.7507999999999998, 1.0, 0.5628, 0.618, 0.9976, 0.052000000000000005, 0.998, 0.15239999999999998, 1.0, 0.9843999999999999, 0.9940000000000001, 0.8763999999999998, 0.9316, 0.0, 0.38079999999999997, 1.0, 1.0], "converged_capitals": [12901.883474553604, 512.4612620969594, 1147.9132270971893, 102.13274515644119, 1147.9132270971893, 102.13274515644119, 2571.3256286977044, 2571.3256286977044, 102.13274515644119, 102.13274515644119, 512.4612620969594, 2571.3256286977044, 45.594975516268384, 228.77734915042828, 1147.9132270971893, 5759.769408282858, 5759.769408282858, 228.77734915042828, 12901.883474553604, 20.354899784048385, 1147.9132270971893, 102.13274515644119, 512.4612620969594, 5759.769408282858, 2571.3256286977044, 2571.3256286977044, 1147.9132270971893, 2571.3256286977044, 2571.3256286977044, 512.4612620969594, 1147.9132270971893, 102.13274515644119, 1147.9132270971893, 512.4612620969594, 512.4612620969594, 102.13274515644119, 228.77734915042828, 512.4612620969594, 512.4612620969594, 1147.9132270971893, 45.594975516268384, 102.13274515644119, 5759.769408282858, 1147.9132270971893, 228.77734915042828, 35.22103325669994, 512.4612620969594, 450.40540613990555, 228.77734915042828, 228.77734915042828, 582.4711002287594, 582.4711002287594, 546.066656464462, 1391.717615479916, 546.066656464462, 582.4711002287594, 1391.717615479916, 1391.717615479916, 1391.717615479916, 1391.717615479916, 621.3025069106767, 1391.717615479916, 1391.717615479916, 1391.717615479916, 1391.717615479916, 1391.717615479916, 1391.717615479916, 546.066656464462, 1391.717615479916, 1391.717615479916, 1391.717615479916, 1391.717615479916, 1391.717615479916, 1391.717615479916, 621.3025069106767, 1391.717615479916, 1391.717615479916, 1391.717615479916, 1391.717615479916, 1391.717615479916, 1391.717615479916, 1391.717615479916, 546.066656464462, 1391.717615479916, 546.066656464462, 546.066656464462, 1391.717615479916, 1391.717615479916, 1391.717615479916, 1391.717615479916, 546.066656464462, 546.066656464462, 1391.717615479916, 582.4711002287594, 1391.717615479916, 1391.717615479916, 621.3025069106767, 1391.717615479916, 1391.717615479916, 1391.717615479916, 12901.883474553604, 2571.3256286977044, 5759.769408282858, 102.13274515644119, 228.77734915042828, 1147.9132270971893, 1147.9132270971893, 1147.9132270971893, 1147.9132270971893, 228.77734915042828, 228.77734915042828, 45.594975516268384, 102.13274515644119, 228.77734915042828, 2571.3256286977044, 228.77734915042828, 1147.9132270971893, 228.77734915042828, 5759.769408282858, 1147.9132270971893, 102.13274515644119, 5759.769408282858, 2571.3256286977044, 45.594975516268384, 1147.9132270971893, 1147.9132270971893, 512.4612620969594, 102.13274515644119, 512.4612620969594, 2571.3256286977044, 512.4612620969594, 228.77734915042828, 45.594975516268384, 2571.3256286977044, 228.77734915042828, 102.13274515644119, 512.4612620969594, 228.77734915042828, 5759.769408282858, 1147.9132270971893, 512.4612620969594, 102.13274515644119, 2571.3256286977044, 512.4612620969594, 2.9378479429333906, 512.4612620969594, 102.13274515644119, 512.4612620969594, 1147.9132270971893, 1147.9132270971893, 754.0311313499652, 1041.1969680150403, 662.7226740380552, 2332.2812083536905, 582.4711002287595, 546.066656464462, 408.53326904887, 2332.2812083536905, 2332.2812083536905, 857.9198650026271, 582.4711002287595, 857.9198650026271, 2332.2812083536905, 662.7226740380552, 2332.2812083536905, 2332.2812083536905, 857.9198650026271, 2332.2812083536905, 2332.2812083536905, 2332.2812083536905, 2332.2812083536905, 2332.2812083536905, 2332.2812083536905, 2332.2812083536905, 582.4711002287595, 662.7226740380552, 2332.2812083536905, 2332.2812083536905, 2332.2812083536905, 546.066656464462, 976.1221575141003, 976.1221575141003, 2332.2812083536905, 2332.2812083536905, 582.4711002287595, 1041.1969680150403, 662.7226740380552, 546.066656464462, 1041.1969680150403, 2332.2812083536905, 662.7226740380552, 546.066656464462, 582.4711002287595, 976.1221575141003, 546.066656464462, 546.066656464462, 2332.2812083536905, 435.7688203187947, 2332.2812083536905, 582.4711002287595, 45.594975516268384, 1147.9132270971893, 228.77734915042828, 512.4612620969594, 2571.3256286977044, 1147.9132270971893, 20.354899784048385, 2571.3256286977044, 1147.9132270971893, 228.77734915042828, 102.13274515644119, 512.4612620969594, 2571.3256286977044, 28900.218983000075, 512.4612620969594, 228.77734915042828, 512.4612620969594, 1147.9132270971893, 512.4612620969594, 2571.3256286977044, 228.77734915042828, 5759.769408282858, 