{"label": "DQN", "seed": 1, "eval_steps": [5000, 10000, 15000, 20000, 25000, 30000, 35000, 40000, 45000, 50000, 55000, 60000, 65000, 70000, 75000, 80000, 85000, 90000, 95000, 100000, 105000, 110000, 115000, 120000, 125000, 130000, 135000, 140000, 145000, 150000, 155000, 160000, 165000, 170000, 175000, 180000, 185000, 190000, 195000, 200000, 205000, 210000, 215000, 220000, 225000, 230000, 235000, 240000, 245000, 250000, 255000, 260000, 265000, 270000, 275000, 280000, 285000, 290000, 295000, 300000], "eval_rewards": [3.0757464922691957, 2.7121188521413826, 3.155005157650452, 2.793105278360613, 2.624559207321994, 3.0415079188176275, 2.6056176481542592, 2.885737690180134, 2.9294210352870285, 2.577335349045347, 2.8552757697486246, 2.635248077100317, 2.494843366422092, 2.857482088497584, 3.3076563103681007, 2.524395082084715, 2.8691522191222294, 3.1290294831962964, 2.9135147339517022, 2.914463019161306, 2.8103864069594504, 2.782617020393884, 2.7536581039644017, 3.042181983736199, 2.644630623290567, 3.037152401980789, 3.1300564816893384, 2.524395082084715, 2.7901842618503623, 2.9126235694031744, 2.723484339240282, 2.5141620041886568, 2.791540048893513, 2.9347273897354733, 2.7369774318046995, 2.9744436796187186, 2.860962928604254, 2.579446466692512, 2.7080781884382943, 2.8317184088693796, 2.5642332704961173, 2.950288414702336, 2.822604978166159, 2.7669963223639447, 2.696992026434425, 2.7119906754028675, 2.988108134166371, 2.8018759850973685, 3.1377405168699726, 2.930352832678277, 2.7374610945196802, 2.922494883112408, 2.944946532215174, 3.0367855329899625, 2.980405058765377, 2.8737984440684574, 2.812828865558722, 2.6764508831672287, 2.8004630773931414, 2.9975338656013406], "eval_capitals": [1147.9132270971893, 1689.0297342239223, 512.4612620969594, 1041.7294647147446, 1347.8693233744934, 947.821876545664, 512.4612620969594, 1041.729464714745, 1132.7721738863097, 1584.6949555999963, 512.4612620969594, 496.06164986416434, 1184.6507724971125, 512.4612620969594, 1078.4106684252888, 1146.7399785753703, 945.8513528938021, 886.7356433379397, 512.4612620969594, 512.4612620969594, 1263.6274906635865, 422.25506825616156, 754.4167635610196, 1584.27520347814, 1801.6317165055175, 409.0595973731565, 1147.9132270971893, 1146.7399785753703, 1008.9081097533888, 1008.908109753389, 621.6202580611425, 496.1930808994067, 465.4189196779025, 512.4612620969594, 480.5597233059091, 512.4612620969594, 1041.729464714745, 858.3586287627598, 663.061608598552, 654.4953557970505, 564.4079216232268, 512.4612620969594, 512.4612620969594, 730.647655338268, 512.4612620969594, 450.40540613990555, 512.4612620969594, 512.4612620969594, 830.1872445970744, 512.4612620969594, 531.6007125741103, 512.4612620969594, 1147.9132270971893, 512.4612620969594, 512.4612620969594, 512.4612620969594, 975.2968885649364, 886.282374212335, 512.4612620969594, 794.3149562502872], "eval_risky_frac": [0.9419999999999998, 0.11359999999999999, 1.0, 0.6984, 0.28440000000000004, 0.9571999999999999, 0.9796, 0.7103999999999999, 0.6552000000000001, 0.48440000000000005, 0.9756, 0.7924, 0.3188, 0.9620000000000001, 0.9472, 0.0, 0.8764, 0.8504, 0.9992, 0.9887999999999999, 0.4188, 0.9087999999999999, 0.49520000000000003, 0.616, 0.3292000000000001, 0.8883999999999999, 0.9716000000000001, 0.0, 0.8576000000000001, 0.9136, 0.5399999999999999, 0.5732, 0.954, 0.9732, 0.8212000000000002, 0.988, 0.6536, 0.6308, 0.5711999999999999, 0.7199999999999999, 0.6016, 0.9456, 0.9947999999999999, 0.7728, 0.9948, 0.8568000000000001, 0.9811999999999999, 0.9996, 0.988, 0.9364, 0.8, 0.9484, 0.9512, 0.9772, 0.9968, 0.9843999999999999, 0.7999999999999998, 0.4200000000000001, 0.9992, 0.9731999999999998], "converged_capitals": [2571.3256286977044, 4.056700371501989, 102.13274515644119, 2571.3256286977044, 228.77734915042828, 512.4612620969594, 2571.3256286977044, 2571.3256286977044, 1147.9132270971893, 2571.3256286977044, 228.77734915042828, 20.354899784048385, 2571.3256286977044, 1147.9132270971893, 45.594975516268384, 12901.883474553604, 28900.218983000075, 228.77734915042828, 512.4612620969594, 512.4612620969594, 45.594975516268384, 9.087008832164457, 12901.883474553604, 214.47876482852655, 45.594975516268384, 228.77734915042828, 512.4612620969594, 1147.9132270971893, 1147.9132270971893, 228.77734915042828, 102.13274515644119, 1147.9132270971893, 228.77734915042828, 102.13274515644119, 512.4612620969594, 512.4612620969594, 5759.769408282858, 2571.3256286977044, 1147.9132270971893, 512.4612620969594, 228.77734915042828, 2571.3256286977044, 102.13274515644119, 512.4612620969594, 20.354899784048385, 5759.769408282858, 512.4612620969594, 102.13274515644119, 102.13274515644119, 102.13274515644119, 102.13274515644119, 5759.769408282858, 45.594975516268384, 512.4612620969594, 1147.9132270971893, 5759.769408282858, 2571.3256286977044, 5.248869471467531, 1147.9132270971893, 2571.3256286977044, 2571.3256286977044, 2571.3256286977044, 228.77734915042828, 1147.9132270971893, 102.13274515644119, 512.4612620969594, 1147.9132270971893, 2571.3256286977044, 512.4612620969594, 102.13274515644119, 12901.883474553604, 1147.9132270971893, 228.77734915042828, 1147.9132270971893, 228.77734915042828, 2571.3256286977044, 512.4612620969594, 5759.769408282858, 5759.769408282858, 512.4612620969594, 512.4612620969594, 2571.3256286977044, 2571.3256286977044, 102.13274515644119, 512.4612620969594, 45.594975516268384, 1147.9132270971893, 89.76510804765341, 2571.3256286977044, 2571.3256286977044, 512.4612620969594, 45.594975516268384, 2571.3256286977044, 228.77734915042828, 28900.218983000075, 165.67974043951648, 450.40540613990555, 512.4612620969594, 102.13274515644119, 1147.9132270971893, 53.56458804277769, 5759.769408282858, 5759.769408282858, 2571.3256286977044, 228.77734915042828, 2571.3256286977044, 228.77734915042828, 1147.9132270971893, 512.4612620969594, 228.77734915042828, 2571.3256286977044, 78.89511449500786, 228.77734915042828, 57.13556057896285, 58.99426951047953, 512.4612620969594, 512.4612620969594, 228.77734915042828, 512.4612620969594, 5759.769408282858, 2571.3256286977044, 1147.9132270971893, 512.4612620969594, 886.7356433379397, 1147.9132270971893, 5759.769408282858, 1147.9132270971893, 67.12236886525668, 1147.9132270971893, 55.30712766607456, 228.77734915042828, 2571.3256286977044, 1147.9132270971893, 89.76510804765338, 116.14496809875662, 512.4612620969594, 1147.9132270971893, 512.4612620969594, 512.4612620969594, 48.60978017526082, 2571.3256286977044, 58.99426951047954, 1147.9132270971893, 228.77734915042828, 1147.9132270971893, 1147.9132270971893, 5759.769408282858, 228.77734915042828, 1147.9132270971893, 1147.9132270971893, 2924.1016939196147, 102.13274515644119, 1305.4025419283994, 450.40540613990555, 228.77734915042828, 1305.4025419283994, 2924.1016939196147, 102.13274515644119, 228.77734915042828, 480.4324332158995, 4449.2847640124455, 465.0577967476538, 2924.1016939196147, 102.13274515644119, 5226.981762152704, 102.13274515644119, 9.087008832164457, 9.087008832164457, 480.4324332158995, 102.13274515644119, 20.354899784048385, 102.13274515644119, 945.8513528938021, 207.615087833774, 2333.474000961028, 6549.987794379937, 1986.2878410769845, 20.354899784048385, 1986.2878410769845, 2924.1016939196147, 465.0577967476538, 1305.4025419283994, 228.77734915042828, 582.7689919323211, 886.7356433379395, 831.314665629318, 2924.1016939196147, 465.0577967476538, 102.13274515644119, 1147.9132270971893, 260.16472854121474, 92.6853070686491, 102.13274515644119, 1305.4025419283994, 480.4324332158995, 2924.1016939196147, 1305.4025419283994, 6549.987794379937, 5226.981762152704, 2333.474000961028, 512.4612620969594, 512.4612620969594, 5759.769408282858, 228.77734915042828, 1147.9132270971893, 228.77734915042828, 5759.769408282858, 102.13274515644119, 2571.3256286977044, 105.45528270921855, 1147.9132270971893, 2571.3256286977044, 95.74944858416363, 228.77734915042828, 886.7356433379397, 194.63914484416327, 5759.769408282858, 236.21983326864967, 65.00757114762, 