{"eval_steps": [5008, 10000, 15008, 20000, 25008, 30000, 35008, 40000, 45008, 50000, 55008, 60000, 65008, 70000, 75008, 80000, 85008, 90000, 95008, 100000, 105008, 110000, 115008, 120000, 125008, 130000, 135008, 140000, 145008, 150000, 155008, 160000, 165008, 170000, 175008, 180000, 185008, 190000, 195008, 200000], "eval_returns": [2.439508208471602, 2.5729673564246482, 2.6224164598011894, 2.6448384771182685, 2.5553299559543685, 2.439508208471602, 2.573490007933653, 2.747146681571299, 2.878220966120939, 2.6936002709213827, 2.3258652261206576, 2.6936990657600353, 2.5312677394387983, 2.4110894860767287, 2.716542812598895, 2.2810275729322127, 2.481853694823711, 2.4188889212688647, 2.572578558515748, 2.9064027857799166, 2.4535380215646287, 2.4054635373349362, 2.547337185382065, 2.5237073341311294, 2.9145166470609043, 2.364751868735609, 2.439508208471602, 2.3363703322507594, 2.554440802406498, 2.7974498797342577, 2.737787800446427, 2.918480100734169, 2.8357065674072706, 2.558861044363001, 2.7023090283828552, 2.6948495450624086, 2.376734643148351, 2.516539981029498, 2.439508208471602, 2.439508208471602], "eval_capitals": [1146.7399785753703, 1654.6135354803223, 1890.6932787667563, 1570.9172714224385, 1449.5406322618057, 1146.7399785753703, 1566.9340710147053, 2377.6981086856495, 2203.466955470989, 1881.4816340822008, 1749.5556562898362, 2309.766745445614, 1810.670629096823, 1757.5214993671507, 2066.5307749321064, 1236.9270325172524, 1394.9351192706888, 1145.1797881283287, 1377.3000506483052, 2474.3198792825733, 1791.6589184275003, 1657.5158458140927, 2336.3689659917504, 1772.2765289196732, 2901.2241324048355, 1205.0139903339286, 1146.7399785753703, 1828.148280696534, 2064.278819670849, 2089.4249066951834, 1947.743316650967, 2540.5410859550057, 2689.419745620719, 1850.2612276636135, 2065.835599045089, 1843.9733058753445, 1115.2137555010163, 2286.0709643571818, 1146.7399785753703, 1146.7399785753703]}