{"eval_steps": [5016, 10008, 15000, 20016, 25008, 30000, 35016, 40008, 45000, 50016, 55008, 60000, 65016, 70008, 75000, 80016, 85008, 90000, 95016, 100008, 105000, 110016, 115008, 120000, 125016, 130008, 135000, 140016, 145008, 150000, 155016, 160008, 165000, 170016, 175008, 180000, 185016, 190008, 195000, 200016, 205008, 210000, 215016, 220008, 225000, 230016, 235008, 240000, 245016, 250008, 255000, 260016, 265008, 270000, 275016, 280008, 285000, 290016, 295008, 300000], "eval_rewards": [2.511988661076416, 2.5300467129016253, 2.5014597702669676, 2.6799317232738984, 2.5124532835710394, 2.547466227846978, 2.530027672681266, 2.514659602319997, 2.509162845667961, 2.508524308788105, 2.644744864612725, 2.5123961629099605, 2.5901632073035525, 2.586524940630007, 2.662090771078639, 2.49437619152547, 2.524395082084715, 2.5956409237352283, 2.4981502921435306, 2.524395082084715, 2.5300467129016253, 2.5826150060674324, 2.5399370668312176, 2.5413499745354455, 2.524395082084715, 2.524395082084715, 2.5286338051973978, 2.3552181313722387, 2.524395082084715, 2.524395082084715, 2.5176402918933265, 2.847605669984347, 2.7889807965700846, 2.524395082084715, 2.533182276639829, 2.516537132518847, 2.524395082084715, 2.5272208974931702, 2.5471564795172292, 2.48522212797953, 2.5258079897889427, 2.543673087008559, 2.524395082084715, 2.540091940996092, 2.565524279672187, 2.5286338051973978, 2.562853338428606, 2.524395082084715, 2.524395082084715, 2.5300467129016253, 2.5258079897889427, 2.5797511102182584, 2.56331796092323, 2.5272208974931702, 2.613506020954846, 2.524395082084715, 2.5568729190615884, 2.524395082084715, 2.524395082084715, 2.5258079897889427], "eval_capitals": [1146.7399785753703, 1146.7399785753703, 1146.7399785753703, 1484.498789845244, 1146.7399785753703, 1223.1893104803949, 1223.1893104803949, 1146.7399785753703, 1146.7399785753703, 1223.1893104803949, 1391.7176154799156, 1008.6595627645704, 1304.7352645124208, 1391.7176154799156, 685.1636622185039, 1223.1893104803949, 1146.7399785753703, 1304.7352645124208, 1304.735264512421, 1146.7399785753703, 1146.7399785753703, 1304.7352645124208, 1146.7399785753703, 1146.7399785753703, 1146.7399785753703, 1146.7399785753703, 1146.7399785753703, 601.7273765064701, 1146.7399785753703, 1146.7399785753703, 1146.7399785753703, 1008.3923902149227, 1111.4725012146707, 1146.7399785753703, 1146.7399785753703, 1146.7399785753703, 1146.7399785753703, 1146.7399785753703, 1146.7399785753703, 978.1557453422545, 1146.7399785753703, 1304.7352645124206, 1146.7399785753703, 1146.7399785753703, 1223.1893104803949, 1146.7399785753703, 1223.1893104803942, 1146.7399785753703, 1146.7399785753703, 1146.7399785753703, 1146.7399785753703, 1394.617027178832, 1223.1893104803949, 1146.7399785753703, 1583.4653758349261, 1146.7399785753703, 1223.1893104803949, 1146.7399785753703, 1146.7399785753703, 1146.7399785753703], "eval_risky_frac": [0.0036, 0.0016, 0.0184, 0.11159999999999998, 0.014400000000000001, 0.0172, 0.033600000000000005, 0.0008, 0.0028000000000000004, 0.0204, 0.1372, 0.1104, 0.0364, 0.0816, 0.5404000000000001, 0.048400000000000006, 0.0, 0.0664, 0.03880000000000001, 0.0, 0.0016, 0.0556, 0.0044, 0.0048000000000000004, 0.0, 0.0, 0.0012, 0.3824, 0.0, 0.0, 0.0052, 0.408, 0.5052, 0.0, 0.009600000000000001, 0.012, 0.0, 0.0008, 0.01, 0.1276, 0.0004, 0.0588, 0.0, 0.008, 0.015200000000000002, 0.0012, 0.018000000000000002, 0.0, 0.0, 0.0016, 0.0004, 0.11879999999999999, 0.028800000000000003, 0.0008, 0.12479999999999998, 0.0, 0.0412, 0.0, 0.0, 0.0004], "converged_capitals": [1146.7399785753703, 1146.7399785753703, 1146.7399785753703, 1146.7399785753703, 1146.7399785753703, 1146.7399785753703, 1146.7399785753703, 1146.7399785753703, 1146.7399785753703, 1146.7399785753703, 1146.7399785753703, 1146.7399785753703, 1146.7399785753703, 1146.7399785753703, 1146.7399785753703, 1146.7399785753703, 1146.7399785753703, 1146.7399785753703, 1146.7399785753703, 1146.7399785753703, 1146.7399785753703, 1146.7399785753703, 1146.7399785753703, 1146.7399785753703, 1146.7399785753703, 1146.7399785753703, 1146.7399785753703, 1146.7399785753703, 1146.7399785753703, 1146.7399785753703, 1146.7399785753703, 1146.7399785753703, 1146.7399785753703, 1146.7399785753703, 1146.7399785753703, 1146.7399785753703, 1146.7399785753703, 1146.7399785753703, 1146.7399785753703, 1146.7399785753703, 1146.7399785753703, 1146.7399785753703, 1146.7399785753703, 1146.7399785753703, 1146.7399785753703, 1146.7399785753703, 1146.7399785753703, 1146.7399785753703, 1146.7399785753703, 1146.7399785753703, 1146.7399785753703, 1146.7399785753703, 1146.7399785753703, 1146.7399785753703, 1146.7399785753703, 1146.7399785753703, 1146.7399785753703, 1146.7399785753703, 1146.7399785753703, 1146.7399785753703, 1146.7399785753703, 1146.7399785753703, 1146.7399785753703, 1146.7399785753703, 1146.7399785753703, 1146.7399785753703, 1146.7399785753703, 1146.7399785753703, 1146.7399785753703, 1146.7399785753703, 1146.7399785753703, 1146.7399785753703, 1146.7399785753703, 1146.7399785753703, 1146.7399785753703, 1146.7399785753703, 1146.7399785753703, 1146.7399785753703, 1146.7399785753703, 1146.7399785753703, 1146.7399785753703, 1146.7399785753703, 1146.7399785753703, 1146.7399785753703, 1146.7399785753703, 1146.7399785753703, 1146.7399785753703, 1146.7399785753703, 1146.7399785753703, 1146.7399785753703, 1146.7399785753703, 1146.7399785753703, 1146.7399785753703, 1146.7399785753703, 1146.7399785753703, 1146.7399785753703, 1146.7399785753703, 1146.7399785753703, 1146.7399785753703, 1146.7399785753703, 1223.1893104803949, 1146.7399785753703, 1146.7399785753703, 1146.7399785753703, 1146.7399785753703, 1146.7399785753703, 1146.7399785753703, 1146.7399785753703, 1223.189310480395, 1146.7399785753703, 1146.7399785753703, 1146.7399785753703, 1146.7399785753703, 1146.7399785753703, 1146.7399785753703, 1146.7399785753703, 1146.7399785753703, 1146.7399785753703, 1146.7399785753703, 1146.7399785753703, 1146.7399785753703, 1146.7399785753703, 1146.7399785753703, 1146.7399785753703, 1146.7399785753703, 1146.7399785753703, 1223.1893104803949, 1146.7399785753703, 1146.7399785753703, 1146.7399785753703, 1146.7399785753703, 1146.7399785753703, 1146.7399785753703, 1146.7399785753703, 1146.7399785753703, 1146.7399785753703, 1146.7399785753703, 1223.1893104803949, 1146.7399785753703, 1146.7399785753703, 1146.7399785753703, 1146.7399785753703, 1146.7399785753703, 1146.7399785753703, 1146.7399785753703, 1146.7399785753703, 1146.7399785753703, 1146.7399785753703, 1146.7399785753703, 1146.7399785753703, 1146.7399785753703, 1146.7399785753703, 1146.7399785753703, 1146.7399785753703, 1146.7399785753703, 1146.7399785753703, 1146.7399785753703, 1146.7399785753703, 1146.7399785753703, 1146.7399785753703, 1146.7399785753703, 1146.7399785753703, 1146.7399785753703, 1146.7399785753703, 1146.7399785753703, 1146.7399785753703, 1146.7399785753703, 1146.7399785753703, 1146.7399785753703, 1146.7399785753703, 1146.7399785753703, 1146.7399785753703, 1146.7399785753703, 1146.7399785753703, 1146.7399785753703, 1146.7399785753703, 1146.7399785753703, 1146.7399785753703, 1146.7399785753703, 1146.7399785753703, 1223.189310480395, 1146.7399785753703, 1146.7399785753703, 1146.7399785753703, 1146.7399785753703, 1146.7399785753703, 1146.7399785753703, 1146.7399785753703, 1146.7399785753703, 1146.7399785753703, 1146.7399785753703, 1146.7399785753703, 1146.7399785753703, 1146.7399785753703, 1146.7399785753703, 1146.7399785753703, 1146.7399785753703, 1146.7399785753703, 1146.7399785753703, 1146.7399785753703, 754.0311313499651, 1484.4987898452437, 976.1221575141003, 1689.0297342239223, 1484.4987898452437, 1484.4987898452437, 706.904185640592, 754.0311313499651, 1689.0297342239223, 1583.4653758349273, 706.9041856405923, 1689.0297342239223, 1801.6317165055173, 1304.7352645124206, 1801.6317165055175, 1583.4653758349273, 435.7688203187949, 621.3025069106766, 1689.0297342239223, 1921.7404976058845, 1304.7352645124206, 662.722674038055, 1583.4653758349273, 