{"eval_steps": [5008, 10000, 15008, 20000, 25008, 30000, 35008, 40000, 45008, 50000, 55008, 60000, 65008, 70000, 75008, 80000, 85008, 90000, 95008, 100000, 105008, 110000, 115008, 120000, 125008, 130000, 135008, 140000, 145008, 150000, 155008, 160000, 165008, 170000, 175008, 180000, 185008, 190000, 195008, 200000], "eval_returns": [2.6889537619718324, 2.491605628154621, 2.463722320160171, 2.422253224464511, 2.534383479771361, 2.706239550443237, 2.535237574557775, 2.444842026994577, 2.591946444428892, 2.409848720529986, 2.8353793784270005, 2.638916143860518, 2.4919636215992047, 2.646153614485056, 2.676716043250296, 2.416073819749399, 2.423271977315344, 2.3833400316823856, 2.487479643565504, 2.438197325401949, 2.452729621282518, 2.766621870917374, 2.5294097818415384, 2.3159220845581525, 2.6757323491609157, 2.4375737519057252, 2.7148739360846594, 2.6591774376186685, 2.370579661451844, 2.357253072356568, 2.583380049161805, 2.5549369037483283, 2.4712168622420725, 2.2821451206216996, 2.5049237086556184, 2.4693195915862187, 2.699693643689261, 2.6704643938637074, 2.568421769462316, 2.3871058956783466], "eval_capitals": [2572.1555340373307, 1557.6794738066922, 1449.6977278053087, 1598.4605550201861, 1473.8164378850715, 1861.5574695450857, 1332.4920660998057, 1215.2643707860118, 2102.040127413897, 1520.1280749180776, 2713.62622387024, 1707.1044238523934, 1830.0938496472434, 1493.5420173250063, 2274.602771340296, 1174.165598421522, 1250.6547750404604, 1508.4626987593401, 1777.058516042383, 1240.0749225678003, 1182.8888309572562, 1980.1829201381042, 1492.7083554464239, 1162.6280164520233, 2378.4720788141744, 1441.0441069777783, 2138.012214605091, 1729.928750019833, 1226.1919426385462, 1355.8886884754288, 1424.6319388558811, 1501.8027902282524, 1467.4354086702806, 1199.8046551248467, 2064.036353276624, 1361.6197551778632, 2039.9601381641974, 1808.4246719744954, 1439.5753611985679, 1385.6700684356094]}