{"label": "IQN", "seed": 0, "eval_steps": [5000, 10000, 15000, 20000, 25000, 30000, 35000, 40000, 45000, 50000, 55000, 60000, 65000, 70000, 75000, 80000, 85000, 90000, 95000, 100000, 105000, 110000, 115000, 120000, 125000, 130000, 135000, 140000, 145000, 150000, 155000, 160000, 165000, 170000, 175000, 180000, 185000, 190000, 195000, 200000, 205000, 210000, 215000, 220000, 225000, 230000, 235000, 240000, 245000, 250000, 255000, 260000, 265000, 270000, 275000, 280000, 285000, 290000, 295000, 300000], "eval_rewards": [2.524395082084715, 2.5132466946157694, 2.5258079897889427, 2.5917309891726537, 2.55091153991493, 2.512608157735913, 2.5487052211659718, 2.5258079897889427, 2.5300467129016253, 2.524395082084715, 2.5250145787442126, 2.512453283571039, 2.5258079897889427, 2.5413499745354455, 2.47445964972177, 2.5258079897889427, 2.524395082084715, 2.524395082084715, 2.53287252831008, 2.4764349334244162, 2.524395082084715, 2.51292045846766, 2.488433852599171, 2.524395082084715, 2.5314596206058524, 2.5258079897889427, 2.5433633386788106, 2.5319242431004754, 2.5286338051973978, 2.524395082084715, 2.6284881821049275, 2.524395082084715, 2.524395082084715, 2.5300467129016253, 2.524395082084715, 2.524395082084715, 2.543189424293577, 2.5258079897889427, 2.5286338051973978, 2.5203112331369066, 2.4983242065287636, 2.5160725100242245, 2.579479442329229, 2.507904812128608, 2.5245499562495892, 2.5171566291783436, 2.561285556559505, 2.524395082084715, 2.5961245864502103, 2.4989437031882606, 2.7804246370612873, 2.514659602319997, 2.7353855049112368, 2.5786479508437794, 2.6337894317493715, 2.481486107802189, 2.5258079897889427, 2.5300467129016253, 2.6775895705804253, 2.4815051480225487], "eval_capitals": [1146.7399785753703, 1146.7399785753703, 1146.7399785753703, 1223.1893104803949, 1223.1893104803949, 1146.7399785753703, 1223.189310480395, 1146.7399785753703, 1146.7399785753703, 1146.7399785753703, 1146.7399785753703, 1146.7399785753703, 1146.7399785753703, 1146.7399785753703, 1146.7399785753703, 1146.7399785753703, 1146.7399785753703, 1146.7399785753703, 1146.7399785753703, 949.5584165088337, 1146.7399785753703, 1147.6304358565772, 1146.7399785753703, 1146.7399785753703, 1146.7399785753703, 1146.7399785753703, 1304.7352645124206, 1146.7399785753703, 1146.7399785753703, 1146.7399785753703, 1184.6507724971116, 1146.7399785753703, 1146.7399785753703, 1146.7399785753703, 1146.7399785753703, 1146.7399785753703, 1304.7352645124206, 1146.7399785753703, 1146.7399785753703, 1146.7399785753703, 1146.7399785753703, 1146.7399785753703, 1223.189310480395, 1146.7399785753703, 1146.7399785753703, 1223.1893104803942, 1223.1893104803942, 1146.7399785753703, 1304.7352645124206, 1223.1893104803942, 804.9244218920618, 1146.7399785753703, 1305.7484070190396, 1484.4987898452437, 1391.7176154799165, 1304.7352645124206, 1146.7399785753703, 1146.7399785753703, 1484.4987898452437, 1223.1893104803944], "eval_risky_frac": [0.0, 0.0004, 0.0004, 0.0404, 0.032400000000000005, 0.018000000000000002, 0.046000000000000006, 0.0004, 0.0016, 0.0, 0.014400000000000001, 0.0144, 0.0004, 0.0048, 0.0072, 0.0004, 0.0, 0.0, 0.0024, 0.11800000000000001, 0.0, 0.2848, 0.0076, 0.0, 0.002, 0.0004, 0.05160000000000001, 0.0128, 0.0012, 0.0, 0.2784, 0.0, 0.0, 0.0016, 0.0, 0.0, 0.08, 0.0004, 0.0012, 0.0024, 0.0104, 0.0012, 0.0476, 0.006, 0.0036, 0.026400000000000007, 0.014000000000000002, 0.0, 0.045200000000000004, 0.024800000000000003, 0.3712, 0.0008, 0.33, 0.12560000000000002, 0.0772, 0.0732, 0.0004, 0.0016, 0.08960000000000001, 0.0412], "converged_capitals": [1146.7399785753703, 1146.7399785753703, 1146.7399785753703, 1146.7399785753703, 1146.7399785753703, 1146.7399785753703, 1146.7399785753703, 1146.7399785753703, 1146.7399785753703, 1146.7399785753703, 1146.7399785753703, 1146.7399785753703, 1146.7399785753703, 1146.7399785753703, 1146.7399785753703, 1146.7399785753703, 1146.7399785753703, 1146.7399785753703, 1146.7399785753703, 1146.7399785753703, 1146.7399785753703, 1146.7399785753703, 1146.7399785753703, 1146.7399785753703, 1146.7399785753703, 1146.7399785753703, 1146.7399785753703, 1146.7399785753703, 1146.7399785753703, 1146.7399785753703, 1146.7399785753703, 1146.7399785753703, 1146.7399785753703, 1146.7399785753703, 1146.7399785753703, 1146.7399785753703, 1146.7399785753703, 1146.7399785753703, 1146.7399785753703, 1146.7399785753703, 1146.7399785753703, 1146.7399785753703, 1146.7399785753703, 1146.7399785753703, 1146.7399785753703, 1146.7399785753703, 1146.7399785753703, 1146.7399785753703, 1146.7399785753703, 1146.7399785753703, 1304.7352645124206, 621.3025069106765, 1304.7352645124206, 1223.1893104803942, 1304.7352645124206, 1223.189310480395, 1304.7352645124206, 1304.7352645124206, 1484.4987898452441, 1223.189310480395, 662.7226740380554, 1304.7352645124206, 1223.1893104803942, 1391.7176154799158, 1304.7352645124206, 1391.7176154799163, 1304.7352645124206, 1304.7352645124206, 1304.7352645124206, 1304.7352645124206, 662.7226740380554, 1304.7352645124206, 1304.7352645124206, 1304.7352645124206, 1391.7176154799165, 1304.7352645124206, 1304.7352645124206, 1304.7352645124206, 1304.7352645124206, 1223.1893104803942, 1146.7399785753703, 1223.189310480395, 1304.7352645124206, 1146.7399785753703, 315.5822257324073, 1484.4987898452441, 1304.7352645124206, 1391.7176154799165, 621.3025069106765, 1304.7352645124206, 1304.7352645124206, 1484.4987898452437, 1391.7176154799165, 1304.7352645124206, 1304.7352645124206, 1391.7176154799165, 1304.7352645124206, 1223.1893104803942, 1304.7352645124206, 706.9041856405922, 1304.7352645124206, 1146.7399785753703, 1304.7352645124206, 1146.7399785753703, 1304.7352645124206, 1146.7399785753703, 1146.7399785753703, 1391.7176154799165, 1223.1893104803942, 1223.189310480395, 1146.7399785753703, 1304.7352645124206, 621.3025069106765, 1304.7352645124206, 1146.7399785753703, 1146.7399785753703, 1146.7399785753703, 582.4711002287594, 621.3025069106765, 1223.1893104803942, 1223.1893104803942, 1223.1893104803949, 1223.189310480395, 1304.7352645124206, 1146.7399785753703, 1146.7399785753703, 1223.1893104803942, 1146.7399785753703, 1146.7399785753703, 1146.7399785753703, 1223.189310480395, 1304.7352645124208, 1223.1893104803942, 1146.7399785753703, 546.066656464462, 1223.1893104803942, 621.3025069106765, 546.066656464462, 1391.7176154799163, 1223.1893104803942, 582.4711002287595, 1304.7352645124206, 1391.7176154799158, 295.85833662413165, 1146.7399785753703, 1146.7399785753703, 1223.1893104803942, 1304.7352645124206, 1223.189310480395, 1391.7176154799158, 4743.477803571001, 778.9591179600598, 641.8425349402344, 1744.868424230533, 1635.8141477161255, 326.01525584265886, 641.8425349402344, 347.7496062321696, 830.8897258240638, 1533.5757634838671, 830.8897258240638, 1635.8141477161255, 1985.2725182356305, 165.5950505867474, 778.9591179600593, 1861.1929858459032, 347.7496062321695, 347.7496062321695, 730.2741730875557, 145.54252492975834, 830.8897258240638, 268.6282930832455, 2258.7989540814274, 641.8425349402345, 127.9182348015455, 1744.868424230533, 251.8390247655427, 4169.072288294824, 1635.8141477161255, 4169.072288294824, 3664.2236908841205, 326.01525584265875, 3664.2236908841205, 1861.1929858459032, 778.9591179600598, 4743.477803570998, 730.2741730875559, 347.7496062321693, 778.9591179600593, 1985.2725182356305, 1437.7272782661257, 4169.072288294824, 778.9591179600598, 778.9591179600593, 601.7273765064699, 347.7496062321693, 3435.2097102038642, 1861.1929858459032, 684.6320372695837, 3435.2097102038642, 1146.7399785753703, 1146.7399785753703, 1146.7399785753703, 1146.7399785753703, 1146.7399785753703, 1146.7399785753703, 1146.7399785753703, 1146.7399785753703, 1146.7399785753703, 1146.7399785753703, 1146.7399785753703, 1146.7399785753703, 1146.7399785753703, 1146.7399785753703, 1146.7399785753703, 1146.7399785753703, 1146.7399785753703, 1146.7399785753703, 1146.7399785753703, 1146.7399785753703, 1146.7399785753703, 1146.7399785753703, 1146.7399785753703, 582.4711002287592, 1146.7399785753703, 