{"eval_steps": [5000, 10000, 15000, 20000, 25000, 30000, 35000, 40000, 45000, 50000, 55000, 60000, 65000, 70000, 75000, 80000, 85000, 90000, 95000, 100000, 105000, 110000, 115000, 120000, 125000, 130000, 135000, 140000, 145000, 150000, 155000, 160000, 165000, 170000, 175000, 180000, 185000, 190000, 195000, 200000, 205000, 210000, 215000, 220000, 225000, 230000, 235000, 240000, 245000, 250000, 255000, 260000, 265000, 270000, 275000, 280000, 285000, 290000, 295000, 300000], "eval_rewards": [4.829149866957924, -6.857297870958798, 4.806001890486088, 4.829149866957924, 4.9136694615770145, 4.939508208471602, -22.769209238254007, -12.889815215687717, 4.939508208471602, 4.939508208471602, 4.9136694615770145, 4.741939501916082, 4.942198978894353, -24.09233011654261, 3.195337661815638, 4.939508208471602, 4.519084904222874, -19.382564565249734, -3.388381780543899, 4.939508208471602, 4.890521485105179, 1.3057920039693607, 4.7597059375424156, -17.48225582571245, 4.9136694615770145, 4.916360231999765, 4.005516838329902, -18.606849302655206, 4.887830714682427, 4.939508208471602, 3.5398665384704286, 4.939508208471602, 4.939508208471602, 4.916360231999766, 4.167552673632756, 3.59585661577218, 3.1404165418468146, 0.09619958501235079, -3.257050131405107, 4.844225532161506, 4.939508208471602, 4.895903025950681, -0.5411806745080547, 4.939508208471602, 4.555686732808466, -6.711443412373322, 4.857679384275263, 4.921741772845269, -18.035669346370664, 4.942198978894353, 4.944889749317104, 4.857679384275263, -8.17518422512537, 4.939508208471602, 3.5576329740967627, 4.939508208471602, 4.823768326112421, 1.7316336032444608, 4.326897738512858, 1.4877689437452688], "eval_capitals": [1097.375552830983, 260.4817401490178, 1092.484875842991, 1095.8222965637062, 1134.7265121331523, 1146.7399785753705, 0.0013616496942442406, 218.6024944786154, 1146.7399785753705, 1146.7399785753705, 1134.7265121331523, 1057.1462155085167, 1148.2689652134711, 0.0003620838983917376, 891.7999042574024, 1146.7399785753705, 952.4130577615506, 50.58837126619781, 471.3772098104793, 1146.7399785753705, 1124.2420323290346, 231.66612594881317, 1065.1212156558154, 76.70555920571289, 1134.7265121331523, 1136.2554987712529, 789.5385275850488, 154.45820212839305, 1122.7130456909342, 1146.7399785753705, 664.9153476212301, 1146.7399785753705, 1146.7399785753705, 1136.2554987712529, 861.8730653293228, 662.5515626960602, 549.8044387340062, 111.45074828422833, 211.39641800221332, 1103.2730727207993, 1146.7399785753705, 1126.6010402849613, 83.45977123435688, 1146.7399785753705, 981.5262115033413, 31.420927536357375, 1111.121870796382, 1139.3134720474538, 16.88320283075645, 1148.2689652134711, 1149.7979518515715, 1117.3127064902417, 198.90021389591575, 1146.7399785753705, 773.7431216512866, 1146.7399785753705, 1094.3175795547822, 639.8255043407061, 874.3003085867215, 695.2549750890216], "eval_risky_frac": [0.0048, 0.3796, 0.005600000000000001, 0.0048000000000000004, 0.0004, 0.0, 0.9872, 0.6152000000000001, 0.0, 0.0, 0.0004, 0.0088, 0.0004, 0.9856, 0.058800000000000005, 0.0, 0.009600000000000001, 0.846, 0.2888, 0.0, 0.0012, 0.13840000000000002, 0.007200000000000001, 0.768, 0.0004, 0.0008, 0.0308, 0.8255999999999999, 0.0008, 0.0, 0.046400000000000004, 0.0, 0.0, 0.0008, 0.0252, 0.042, 0.06760000000000001, 0.16639999999999996, 0.2956000000000001, 0.0028000000000000004, 0.0, 0.002, 0.19039999999999999, 0.0, 0.0108, 0.39280000000000004, 0.0048, 0.0016, 0.7959999999999998, 0.0004, 0.0008, 0.0048, 0.46360000000000007, 0.0, 0.04479999999999999, 0.0, 0.004, 0.1084, 0.019200000000000002, 0.11879999999999999]}