{"eval_steps": [5016, 10008, 15000, 20016, 25008, 30000, 35016, 40008, 45000, 50016, 55008, 60000, 65016, 70008, 75000, 80016, 85008, 90000, 95016, 100008, 105000, 110016, 115008, 120000, 125016, 130008, 135000, 140016, 145008, 150000, 155016, 160008, 165000, 170016, 175008, 180000, 185016, 190008, 195000, 200016, 205008, 210000, 215016, 220008, 225000, 230016, 235008, 240000, 245016, 250008, 255000, 260016, 265008, 270000, 275016, 280008, 285000, 290016, 295008, 300000], "eval_rewards": [2.5272208974931702, 2.5258079897889427, 2.5268730687227037, 2.5460533201427507, 2.520911689576045, 2.524395082084715, 2.5286338051973978, 2.5272208974931702, 2.524395082084715, 2.524395082084715, 2.5272208974931702, 2.524395082084715, 2.524395082084715, 2.551395202629912, 2.529408176021769, 2.50084027360747, 2.524395082084715, 2.5300467129016253, 2.520118278531314, 2.66826414505125, 2.524395082084715, 2.513556442945518, 2.6313901583948196, 2.542762882239673, 2.60876459490682, 2.524395082084715, 3.0725702956882714, 2.524395082084715, 2.5302015870665, 2.524395082084715, 2.524395082084715, 2.5190341593771945, 2.523427756654751, 2.512648790578631, 2.5697630027848697, 2.5306662095611223, 2.518183627671385, 2.531769368935601, 2.573208314852822, 2.632183569439551, 2.5094725939977094, 2.4767827621948837, 2.518898325432679, 2.524395082084715, 2.5218790150060086, 2.6678350505953485, 2.5236016710399847, 2.5735180631825703, 2.5028345975304767, 2.524395082084715, 2.5302015870664993, 2.5380404964120085, 2.5342854360143074, 2.524395082084715, 2.524395082084715, 2.5641113719679596, 2.5258079897889427, 2.5258079897889427, 2.5961868119152864, 2.492034038831997], "eval_capitals": [1146.7399785753703, 1146.7399785753703, 1263.962287496408, 1146.7399785753703, 1304.735264512421, 1146.7399785753703, 1146.7399785753703, 1146.7399785753703, 1146.7399785753703, 1146.7399785753703, 1146.7399785753703, 1146.7399785753703, 1146.7399785753703, 1146.7399785753703, 1184.9646445278822, 1146.7399785753703, 1146.7399785753703, 1146.7399785753703, 1304.7352645124206, 830.8897258240636, 1146.7399785753703, 1146.7399785753703, 1583.4653758349273, 1146.7399785753703, 1041.1969680150405, 1146.7399785753703, 1041.729464714745, 1146.7399785753703, 1146.7399785753703, 1146.7399785753703, 1146.7399785753703, 1223.1893104803949, 1304.7352645124215, 1041.1969680150405, 1223.1893104803949, 1146.7399785753703, 1583.4653758349273, 1146.7399785753703, 1223.1893104803949, 1484.4987898452437, 1146.7399785753703, 1304.7352645124206, 1146.7399785753703, 1146.7399785753703, 1146.7399785753703, 1583.465375834927, 1146.7399785753703, 1223.1893104803949, 1304.7352645124208, 1146.7399785753703, 1146.7399785753703, 1223.1893104803949, 1146.7399785753703, 1146.7399785753703, 1146.7399785753703, 1146.7399785753703, 1146.7399785753703, 1146.7399785753703, 1008.3923902149227, 1223.1893104803949], "eval_risky_frac": [0.0008, 0.0004, 0.057600000000000005, 0.016800000000000002, 0.048799999999999996, 0.0, 0.0012, 0.0008, 0.0, 0.0, 0.0008, 0.0, 0.0, 0.011200000000000002, 0.019200000000000002, 0.004, 0.0, 0.0016, 0.06280000000000001, 0.4568, 0.0, 0.0076, 0.1512, 0.0052, 0.17680000000000004, 0.0, 0.7384000000000001, 0.0, 0.0052, 0.0, 0.0, 0.03760000000000001, 0.0424, 0.21359999999999998, 0.0164, 0.016, 0.1476, 0.009200000000000002, 0.0316, 0.13720000000000002, 0.01, 0.061200000000000004, 0.002, 0.0, 0.0064, 0.12239999999999998, 0.013999999999999999, 0.0388, 0.0828, 0.0, 0.0052, 0.025200000000000004, 0.0027999999999999995, 0.0, 0.0, 0.0148, 0.0004, 0.0004, 0.46840000000000004, 0.0264], "converged_capitals": [1146.7399785753703, 1304.7352645124206, 1391.7176154799163, 1146.7399785753703, 1146.7399785753703, 1304.7352645124206, 1304.7352645124206, 1391.7176154799158, 1223.1893104803949, 706.9041856405921, 1391.7176154799158, 1304.7352645124208, 1223.1893104803949, 1391.7176154799158, 1304.7352645124206, 1304.7352645124208, 1223.1893104803949, 706.9041856405925, 1304.7352645124208, 1223.1893104803942, 1304.7352645124206, 1304.7352645124206, 1391.7176154799163, 1304.7352645124206, 1391.7176154799163, 1223.1893104803949, 621.3025069106765, 1223.1893104803949, 1223.1893104803949, 754.0311313499653, 1304.7352645124206, 1304.7352645124208, 1223.1893104803949, 1146.7399785753703, 754.0311313499652, 1304.7352645124206, 1223.1893104803942, 1223.1893104803949, 1146.7399785753703, 1223.1893104803949, 582.4711002287592, 1484.4987898452437, 1304.7352645124208, 1304.7352645124206, 1146.7399785753703, 1304.7352645124208, 1223.1893104803949, 1146.7399785753703, 582.4711002287592, 1304.7352645124208, 1304.7352645124206, 1391.7176154799156, 408.53326904887, 706.9041856405925, 1304.7352645124208, 1391.7176154799158, 1391.7176154799154, 359.0624434999834, 1223.189310480395, 1391.7176154799154, 1689.0297342239223, 1391.7176154799163, 1391.7176154799156, 915.114522669469, 706.9041856405921, 1391.7176154799156, 1583.4653758349268, 1304.7352645124213, 86.84805889644345, 804.299873439963, 662.7226740380552, 706.9041856405921, 1484.4987898452434, 1391.7176154799156, 1304.7352645124208, 1223.1893104803949, 1689.0297342239223, 1484.498789845244, 1391.717615479916, 1484.498789845244, 1223.1893104803949, 1304.735264512421, 621.3025069106767, 1304.7352645124213, 1304.7352645124206, 706.9041856405922, 804.2998734399631, 382.99993973331556, 1304.7352645124208, 1391.7176154799158, 754.0311313499652, 706.9041856405922, 621.3025069106767, 621.3025069106766, 706.9041856405922, 1801.6317165055168, 1304.735264512421, 662.7226740380552, 1801.6317165055168, 1391.7176154799156, 1146.7399785753703, 1146.7399785753703, 1146.7399785753703, 1146.7399785753703, 1146.7399785753703, 1146.7399785753703, 1146.7399785753703, 1146.7399785753703, 1146.7399785753703, 1146.7399785753703, 1146.7399785753703, 1146.7399785753703, 1146.7399785753703, 1146.7399785753703, 1146.7399785753703, 1146.7399785753703, 1146.7399785753703, 1146.7399785753703, 1146.7399785753703, 1146.7399785753703, 1146.7399785753703, 1146.7399785753703, 1146.7399785753703, 1146.7399785753703, 1146.7399785753703, 1146.7399785753703, 1146.7399785753703, 1146.7399785753703, 1146.7399785753703, 1146.7399785753703, 1146.7399785753703, 1146.7399785753703, 1146.7399785753703, 1146.7399785753703, 1146.7399785753703, 1146.7399785753703, 1146.7399785753703, 1146.7399785753703, 1146.7399785753703, 1146.7399785753703, 1146.7399785753703, 1146.7399785753703, 1146.7399785753703, 1146.7399785753703, 1146.7399785753703, 1146.7399785753703, 1146.7399785753703, 1146.7399785753703, 1146.7399785753703, 1146.7399785753703, 1146.7399785753703, 1146.7399785753703, 1223.1893104803949, 1146.7399785753703, 1304.7352645124208, 1146.7399785753703, 1146.7399785753703, 1223.1893104803949, 1146.7399785753703, 1146.7399785753703, 1146.7399785753703, 1146.7399785753703, 1223.1893104803949, 1146.7399785753703, 1146.7399785753703, 1146.7399785753703, 1146.7399785753703, 1146.7399785753703, 1146.7399785753703, 1146.7399785753703, 1146.7399785753703, 1146.7399785753703, 1146.7399785753703, 1146.7399785753703, 582.4711002287592, 1146.7399785753703, 1146.7399785753703, 1146.7399785753703, 1223.1893104803949, 1146.7399785753703, 1146.7399785753703, 1146.7399785753703, 1146.7399785753703, 1146.7399785753703, 1223.189310480395, 1146.7399785753703, 1146.7399785753703, 1146.7399785753703, 1146.7399785753703, 1223.189310480395, 1146.7399785753703, 1146.7399785753703, 1146.7399785753703, 1223.1893104803942, 1146.7399785753703, 1146.7399785753703, 1223.1893104803942, 1223.1893104803949, 1146.7399785753703, 1146.7399785753703, 1304.7352645124215, 1146.7399785753703, 1304.7352645124215, 1304.7352645124215, 1223.1893104803949, 1223.1893104803949, 1223.1893104803949, 1146.7399785753703, 1146.7399785753703, 582.4711002287595, 1223.189310480395, 1304.7352645124215, 1146.7399785753703, 1304.735264512421, 1304.7352645124215, 1304.735264512421, 1223.1893104803949, 1304.7352645124215, 1223.1893104803949, 1223.1893104803942, 1223.1893104803949, 1304.735264512421, 