{"eval_steps": [5008, 10000, 15008, 20000, 25008, 30000, 35008, 40000, 45008, 50000, 55008, 60000, 65008, 70000, 75008, 80000, 85008, 90000, 95008, 100000, 105008, 110000, 115008, 120000, 125008, 130000, 135008, 140000, 145008, 150000, 155008, 160000, 165008, 170000, 175008, 180000, 185008, 190000, 195008, 200000], "eval_returns": [2.8391431152743922, 2.394040600341223, 2.619085088218428, 2.8249072039097833, 2.6142346081458636, 2.5515311603455215, 2.5621000025528207, 2.5454462961719218, 2.6329608789898837, 2.453842914674864, 2.4875805655527254, 2.758927612009599, 2.6239249325481433, 2.663393708452159, 2.725025303067318, 2.461467056059732, 2.7025374225244736, 2.5159599748890034, 2.4107665513935976, 2.5523788736862256, 2.7411255534748977, 2.6193113552114764, 2.4646072194108988, 2.4548244816156743, 2.4489265713765316, 2.256154828985964, 2.480351603522464, 2.5175874111960765, 2.6009845180192017, 2.411324261664056, 2.5070185689887765, 2.5563731318238068, 2.740602901965893, 2.505323142307366, 2.7412530256292937, 2.8397666887706197, 2.647684383102047, 2.7443974432775997, 2.4712476667063883, 2.5831123419615944], "eval_capitals": [2492.9991807048123, 1734.9657833763035, 1520.362301555605, 2671.482095550088, 2022.8165297341177, 1610.8649027822592, 2186.9580343316998, 1393.483375597797, 1639.7404382528919, 1172.6900849904453, 1550.9660265110367, 2247.5217900050507, 1973.7250489526398, 1835.3414224087537, 1898.650008147445, 1308.7209339647789, 1761.1528372121095, 1284.6139116062698, 1302.308054003435, 1779.637830066302, 1917.08584319997, 1643.9535001225147, 1384.612087424956, 1192.6496059281048, 1604.8200591121906, 1457.2642372616212, 1282.9780524228265, 2192.495009371154, 1896.1207999662633, 1292.4297756632373, 1510.166582507542, 2006.8281393854077, 2107.247911184277, 1296.3710285468915, 2487.033521709803, 2339.323856122043, 2089.0117229350453, 2387.93790988998, 1730.0268891254746, 2725.04212466222]}