{"eval_steps": [5016, 10008, 15000, 20016, 25008, 30000, 35016, 40008, 45000, 50016, 55008, 60000, 65016, 70008, 75000, 80016, 85008, 90000, 95016, 100008, 105000, 110016, 115008, 120000, 125016, 130008, 135000, 140016, 145008, 150000, 155016, 160008, 165000, 170016, 175008, 180000, 185016, 190008, 195000, 200016, 205008, 210000, 215016, 220008, 225000, 230016, 235008, 240000, 245016, 250008, 255000, 260016, 265008, 270000, 275016, 280008, 285000, 290016, 295008, 300000], "eval_rewards": [2.503492174630692, 2.5149693506497455, 2.6485570456715033, 2.598330905199169, 2.589834418753445, 2.5160725100242245, 2.524395082084715, 2.5160725100242245, 2.53287252831008, 2.9818915749490404, 2.524395082084715, 2.5203112331369066, 2.541349974535445, 2.692609812171226, 2.524395082084715, 2.5258079897889427, 2.5410211859853375, 2.5286338051973978, 2.5273757716580447, 2.524395082084715, 2.521724140841134, 2.5342854360143074, 2.5258079897889427, 2.535698343718535, 2.5576663301063194, 2.540091940996092, 2.5258079897889427, 2.5793867936294306, 2.5258079897889427, 2.5286338051973978, 2.516692006683721, 2.4882244101752176, 2.541137979709493, 2.53773074808226, 2.5537373553233853, 2.524395082084715, 2.5132466946157694, 2.5738278115123188, 2.524395082084715, 2.579231919464557, 2.6546352185423165, 2.5589459562680306, 2.5287886793622723, 2.6677779299342683, 2.524395082084715, 2.5353505149480684, 2.518898325432679, 2.538195370576882, 2.589350756038463, 2.5374235521545105, 2.7461289429486366, 2.541814597030068, 2.524395082084715, 2.523291922710236, 2.5258079897889427, 2.5993959841329293, 2.5273757716580447, 2.542762882239673, 2.524395082084715, 2.4925177015469795], "eval_capitals": [1223.1893104803944, 1146.7399785753703, 1304.7352645124213, 1223.189310480395, 1391.717615479916, 1146.7399785753703, 1146.7399785753703, 1146.7399785753703, 1146.7399785753703, 1392.42937805696, 1146.7399785753703, 1146.7399785753703, 1146.7399785753703, 1187.1187949398154, 1146.7399785753703, 1146.7399785753703, 1223.1893104803949, 1146.7399785753703, 1146.7399785753703, 1146.7399785753703, 1146.7399785753703, 1146.7399785753703, 1146.7399785753703, 1146.7399785753703, 1223.1893104803949, 1146.7399785753703, 1146.7399785753703, 830.8897258240636, 1146.7399785753703, 1146.7399785753703, 1146.7399785753703, 730.2741730875562, 1304.7352645124206, 1223.1893104803949, 1223.1893104803949, 1146.7399785753703, 1146.7399785753703, 1304.7352645124206, 1146.7399785753703, 778.9591179600595, 1391.7176154799163, 976.1221575141003, 1146.7399785753703, 1008.6595627645704, 1146.7399785753703, 1223.1893104803949, 1146.7399785753703, 1223.1893104803942, 1484.4987898452437, 976.1221575141003, 947.3373822136284, 1223.1893104803942, 1146.7399785753703, 1146.7399785753703, 1146.7399785753703, 1391.7176154799163, 1146.7399785753703, 1146.7399785753703, 1146.7399785753703, 1146.7399785753703], "eval_risky_frac": [0.0332, 0.008, 0.06359999999999999, 0.0316, 0.061200000000000004, 0.0012, 0.0, 0.0012, 0.0024, 0.6096, 0.0, 0.0024, 0.0048, 0.17920000000000003, 0.0, 0.0004, 0.0296, 0.0012, 0.0044, 0.0, 0.0028000000000000004, 0.0028000000000000004, 0.0004, 0.0032, 0.027200000000000002, 0.008, 0.0004, 0.46720000000000006, 0.0004, 0.0012, 0.015600000000000001, 0.35960000000000003, 0.09720000000000001, 0.018000000000000002, 0.0332, 0.0, 0.0004, 0.046000000000000006, 0.0, 0.4636, 0.14, 0.2516, 0.0048000000000000004, 0.2184, 0.0, 0.06000000000000001, 0.002, 0.0288, 0.08239999999999999, 0.2704, 0.48239999999999994, 0.015600000000000001, 0.0, 0.006800000000000001, 0.0004, 0.08879999999999999, 0.0044, 0.0052, 0.0, 0.0052], "converged_capitals": [1146.7399785753703, 1223.1893104803949, 1304.7352645124206, 1304.7352645124206, 1223.1893104803949, 1391.7176154799165, 1484.4987898452441, 1146.7399785753703, 1391.7176154799163, 1223.1893104803942, 1391.7176154799163, 1146.7399785753703, 1146.7399785753703, 1146.7399785753703, 1223.1893104803949, 382.99993973331584, 1146.7399785753703, 1146.7399785753703, 1146.7399785753703, 1304.7352645124206, 1223.189310480395, 1223.1893104803942, 1223.1893104803942, 1223.1893104803942, 1304.7352645124206, 1146.7399785753703, 1223.189310480395, 1223.1893104803942, 1304.7352645124206, 1223.189310480395, 1223.1893104803949, 621.3025069106765, 1146.7399785753703, 582.4711002287592, 1146.7399785753703, 1223.1893104803942, 1146.7399785753703, 1304.7352645124206, 1391.7176154799163, 1146.7399785753703, 662.7226740380553, 1146.7399785753703, 1223.189310480395, 804.2998734399633, 1304.7352645124206, 546.066656464462, 1223.1893104803942, 1223.1893104803942, 1223.1893104803949, 1146.7399785753703, 1583.465375834927, 1391.717615479916, 1391.717615479916, 1583.465375834927, 1583.465375834927, 1484.4987898452437, 1484.4987898452437, 67.0880581914131, 1484.4987898452432, 1583.465375834927, 662.7226740380552, 706.9041856405923, 1484.4987898452437, 1391.717615479916, 621.3025069106767, 1583.4653758349261, 1484.4987898452437, 1583.465375834927, 1391.717615479916, 1484.4987898452437, 662.7226740380554, 1583.465375834927, 1484.4987898452437, 1484.4987898452432, 1484.4987898452437, 662.7226740380552, 1484.4987898452437, 1484.4987898452437, 1484.4987898452437, 662.7226740380552, 1391.717615479916, 1484.4987898452437, 621.3025069106767, 1583.465375834927, 1583.465375834927, 662.7226740380554, 1484.4987898452443, 1484.4987898452437, 1484.4987898452437, 1391.717615479916, 1484.4987898452437, 359.0624434999834, 1484.4987898452437, 1484.4987898452437, 662.7226740380552, 662.7226740380552, 662.7226740380554, 1391.717615479916, 706.9041856405923, 1391.717615479916, 915.1145226694688, 528.8619520076398, 102.08053836804774, 1801.6317165055175, 641.8425349402341, 1110.610099216043, 2332.28120835369, 58.99426951047954, 305.63930235249273, 395.6617742019351, 326.01525584265886, 326.01525584265886, 1184.650772497113, 495.8080800071622, 2186.5136328315857, 1041.1969680150405, 2653.6177303935337, 976.1221575141003, 976.1221575141003, 976.1221575141002, 976.1221575140997, 2186.5136328315853, 601.7273765064698, 1184.650772497113, 528.8619520076395, 684.6320372695836, 1184.6507724971125, 2332.2812083536883, 601.7273765064698, 1110.610099216043, 601.7273765064698, 1041.1969680150405, 915.1145226694688, 564.1194154748157, 1184.6507724971125, 2653.617730393532, 2332.28120835369, 214.36913057290022, 214.36913057290027, 564.119415474815, 564.119415474815, 1110.6100992160436, 1801.6317165055175, 2049.8565307796107, 804.299873439963, 1184.6507724971127, 976.1221575141003, 1110.610099216042, 1263.6274906635865, 641.8425349402347, 1008.3923902149226, 3664.2236908841214, 1075.6185495625846, 296.00964669578207, 1147.3264528667573, 1223.8148830578746, 1075.6185495625846, 480.1868524832964, 277.50904377729574, 2117.6240194513375, 1147.3264528667569, 480.18685248329643, 480.1868524832965, 3908.505270276395, 480.1868524832965, 296.00964669578207, 76.37033968669209, 1985.2725182356296, 1008.3923902149227, 886.2823742123344, 3435.209710203862, 2117.6240194513375, 1985.2725182356296, 4743.477803570999, 260.16472854121474, 582.7689919323212, 512.1993093155164, 1008.3923902149227, 886.2823742123344, 546.345929936551, 546.345929936551, 277.5090437772958, 546.345929936551, 1985.2725182356291, 1861.1929858459025, 81.46169566580491, 160.37771334205334, 1008.3923902149231, 582.768991932321, 1075.6185495625846, 2741.3453380496385, 260.16472854121474, 81.46169566580488, 778.9591179600595, 3664.22369088412, 480.18685248329643, 296.00964669578207, 1347.869323374493, 3908.5052702763965, 3435.209710203862, 1223.1893104803949, 1146.7399785753703, 1146.7399785753703, 1223.1893104803942, 1304.7352645124206, 1304.735264512421, 1223.1893104803949, 546.066656464462, 1223.1893104803949, 1223.1893104803949, 1146.7399785753703, 1146.7399785753703, 1223.1893104803949, 1223.1893104803949, 1146.7399785753703, 1304.7352645124206, 1146.7399785753703, 1223.1893104803949, 1391.7176154799154, 1146.7399785753703, 1146.7399785753703, 1223.1893104803949, 1223.1893104803949, 1304.7352645124206, 