{"label": "IQN", "seed": 1, "eval_steps": [5008, 10000, 15008, 20000, 25008, 30000, 35008, 40000, 45008, 50000, 55008, 60000, 65008, 70000, 75008, 80000, 85008, 90000, 95008, 100000, 105008, 110000, 115008, 120000, 125008, 130000, 135008, 140000, 145008, 150000, 155008, 160000, 165008, 170000, 175008, 180000, 185008, 190000, 195008, 200000, 205008, 210000, 215008, 220000, 225008, 230000, 235008, 240000, 245008, 250000, 255008, 260000, 265008, 270000, 275008, 280000, 285008, 290000, 295008, 300000], "eval_rewards": [2.8916393962637144, 2.748742763531143, 2.524395082084715, 2.4943952317458296, 2.524395082084715, 2.494085483416081, 2.5258079897889427, 2.528943553527146, 2.524395082084715, 2.5258079897889427, 2.828463499005021, 2.524395082084715, 2.516227384189099, 2.524395082084715, 2.524395082084715, 2.455143564357208, 2.5245499562495892, 2.4439380562271844, 2.524395082084715, 2.524395082084715, 2.5258079897889427, 2.514659602319997, 2.519208073762428, 2.5562534224020914, 2.524395082084715, 2.4912596680076264, 2.591092452292797, 2.524395082084715, 2.5258079897889427, 2.524395082084715, 2.5204661073017816, 2.524395082084715, 2.524395082084715, 2.5599894425794334, 2.524395082084715, 2.524395082084715, 2.5258079897889427, 2.524395082084715, 2.514931270209027, 2.8592021921295587, 2.524395082084715, 2.524395082084715, 2.524395082084715, 2.524395082084715, 2.524395082084715, 2.524395082084715, 2.524395082084715, 2.6570180040785085, 2.7533889884773703, 2.524395082084715, 2.7866983169396917, 2.524395082084715, 2.524395082084715, 2.524395082084715, 2.524395082084715, 2.524395082084715, 2.524395082084715, 2.524395082084715, 2.5342854360143074, 2.46424305964407], "eval_capitals": [1008.3923902149234, 642.3409333298473, 1146.7399785753703, 1184.9646445278822, 1146.7399785753703, 1146.7399785753703, 1146.7399785753703, 1146.7399785753703, 1146.7399785753703, 1146.7399785753703, 888.1287958252772, 1146.7399785753703, 1146.7399785753703, 1146.7399785753703, 1146.7399785753703, 1146.7399785753703, 1146.7399785753703, 730.467658495279, 1146.7399785753703, 1146.7399785753703, 1146.7399785753703, 1146.7399785753703, 1146.7399785753703, 1223.1893104803949, 1146.7399785753703, 1146.7399785753703, 1304.7352645124206, 1146.7399785753703, 1146.7399785753703, 1146.7399785753703, 1146.7399785753703, 1146.7399785753703, 1146.7399785753703, 1304.7352645124208, 1146.7399785753703, 1146.7399785753703, 1146.7399785753703, 1146.7399785753703, 1263.962287496408, 575.01998681364, 1146.7399785753703, 1146.7399785753703, 1146.7399785753703, 1146.7399785753703, 1146.7399785753703, 1146.7399785753703, 1146.7399785753703, 779.5639890130533, 592.4020541652151, 1146.7399785753703, 480.18685248329655, 1146.7399785753703, 1146.7399785753703, 1146.7399785753703, 1146.7399785753703, 1146.7399785753703, 1146.7399785753703, 1146.7399785753703, 1146.7399785753703, 585.3522434739374], "eval_risky_frac": [0.5556, 0.5756, 0.0, 0.0164, 0.0, 0.0092, 0.0004, 0.008400000000000001, 0.0, 0.0004, 0.38480000000000003, 0.0, 0.0048, 0.0, 0.0, 0.012400000000000001, 0.0036, 0.1088, 0.0, 0.0, 0.0004, 0.0008, 0.0092, 0.026800000000000004, 0.0, 0.008400000000000001, 0.057999999999999996, 0.0, 0.0004, 0.0, 0.006000000000000001, 0.0, 0.0, 0.08120000000000001, 0.0, 0.0, 0.0004, 0.0, 0.07200000000000001, 0.7100000000000002, 0.0, 0.0, 0.0, 0.0, 0.0, 0.0, 0.0, 0.3576, 0.6836, 0.0, 0.6468, 0.0, 0.0, 0.0, 0.0, 0.0, 0.0, 0.0, 0.0027999999999999995, 0.2888], "converged_capitals": [1008.392390214923, 804.7112144650872, 2741.3453380496403, 1584.2752034781404, 170.98211595237308, 4306.900255680024, 408.5332690488702, 359.06244349998354, 830.8897258240637, 9044.490536928048, 1744.8684242305346, 4037.718989700021, 1147.3264528667569, 277.3671905851236, 160.29573370534976, 464.82007500671415, 3326.977927304096, 382.99993973331584, 512.1993093155164, 830.889725824064, 450.17517420309065, 601.7273765064701, 1584.2752034781402, 2187.6318759009637, 754.4167635610195, 395.661774201935, 857.9198650026271, 1437.727278266125, 435.7688203187944, 915.1145226694695, 1985.2725182356294, 336.6210407812344, 1861.192985845903, 1802.5531204017955, 3548.776455791034, 564.1194154748156, 382.99993973331556, 11708.439147222058, 730.2741730875559, 684.6320372695837, 336.6210407812345, 182.38092368253126, 315.5822257324073, 1635.8141477161253, 382.99993973331584, 528.8619520076395, 315.5822257324073, 976.1221575141004, 1110.6100992160434, 408.5332690488702, 112.42813605604583, 243.9044330073889, 2259.9541658475905, 150.35410625817505, 5399.783820265179, 221.34289286034019, 207.508962056569, 945.8513528938021, 176.6347206258638, 221.34289286034019, 831.3146656293183, 707.265715838456, 5759.769408282858, 1862.1448510096727, 286.5368459554616, 422.0392258153976, 145.54252492975843, 5399.783820265179, 150.27725034876536, 945.8513528938024, 582.7689919323212, 915.5825373469438, 529.1324265217755, 2118.707030482117, 119.92334512644877, 359.2460778861995, 831.3146656293183, 684.9821768796259, 286.53684595546196, 268.7656769634414, 465.057796747654, 5759.769408282858, 5399.783820265179, 602.0351163981088, 170.98211595237308, 1076.168650403615, 642.1707908246494, 160.37771334205343, 2571.3256286977044, 395.66177420193515, 512.4612620969594, 1147.9132270971893, 1986.2878410769852, 642.1707908246492, 2259.9541658475905, 945.8513528938017, 305.63930235249273, 188.41036866758807, 123.88796597200701, 5399.783820265179, 1146.7399785753703, 1146.7399785753703, 1146.7399785753703, 1146.7399785753703, 1146.7399785753703, 1146.7399785753703, 1146.7399785753703, 1146.7399785753703, 1146.7399785753703, 1146.7399785753703, 1146.7399785753703, 1146.7399785753703, 1146.7399785753703, 1146.7399785753703, 1146.7399785753703, 1146.7399785753703, 1146.7399785753703, 1146.7399785753703, 1146.7399785753703, 1146.7399785753703, 1146.7399785753703, 1146.7399785753703, 1146.7399785753703, 1146.7399785753703, 1146.7399785753703, 1146.7399785753703, 1146.7399785753703, 1146.7399785753703, 1146.7399785753703, 1146.7399785753703, 1146.7399785753703, 1146.7399785753703, 1146.7399785753703, 1146.7399785753703, 1146.7399785753703, 1146.7399785753703, 1146.7399785753703, 1146.7399785753703, 1146.7399785753703, 1146.7399785753703, 1146.7399785753703, 1146.7399785753703, 1146.7399785753703, 1146.7399785753703, 1146.7399785753703, 1146.7399785753703, 1146.7399785753703, 1146.7399785753703, 1146.7399785753703, 1146.7399785753703, 1636.6507479577203, 1438.4625714472145, 642.1707908246493, 1264.2737444360282, 1111.1780956957284, 1008.908109753389, 976.6213731700735, 408.7422041727426, 4449.2847640124455, 1438.4625714472154, 1745.7607978215676, 4171.204466261667, 1636.6507479577203, 480.1868524832967, 435.99168445092545, 730.2741730875555, 12095.515757394003, 286.53684595546173, 450.17517420309065, 4171.204466261667, 546.3459299365509, 176.6347206258638, 1438.462571447215, 268.6282930832455, 127.91823480154551, 465.0577967476542, 465.05779674765404, 188.41036866758813, 383.1958164119463, 127.91823480154535, 221.3428928603402, 1008.908109753389, 642.1707908246494, 228.66040594442688, 395.6617742019351, 326.1819889902983, 315.7436231421676, 315.74362314216756, 326.0152558426589, 11339.546022556871, 915.5825373469439, 1745.7607978215688, 496.0616498641642, 336.79319801831207, 194.53965192803335, 12901.883474553604, 370.932913314314, 200.97105991209395, 480.18685248329643, 347.7496062321695, 1146.7399785753703, 1146.7399785753703, 1146.7399785753703, 1146.7399785753703, 1146.7399785753703, 1146.7399785753703, 1146.7399785753703, 1146.7399785753703, 1146.7399785753703, 1146.7399785753703, 1146.7399785753703, 1146.7399785753703, 1146.7399785753703, 1146.7399785753703, 1146.7399785753703, 1146.7399785753703, 1146.7399785753703, 1146.7399785753703, 1146.7399785753703, 1146.7399785753703, 1146.7399785753703, 1146.7399785753703, 1146.7399785753703, 1146.7399785753703, 1146.7399785753703, 1146.7399785753703, 1146.7399785753703, 1146.7399785753703, 1146.7399785753703, 1146.7399785753703, 1146.7399785753703, 