{"label": "IQN", "seed": 2, "eval_steps": [5008, 10000, 15008, 20000, 25008, 30000, 35008, 40000, 45008, 50000, 55008, 60000, 65008, 70000, 75008, 80000, 85008, 90000, 95008, 100000, 105008, 110000, 115008, 120000, 125008, 130000, 135008, 140000, 145008, 150000, 155008, 160000, 165008, 170000, 175008, 180000, 185008, 190000, 195008, 200000, 205008, 210000, 215008, 220000, 225008, 230000, 235008, 240000, 245008, 250000, 255008, 260000, 265008, 270000, 275008, 280000, 285008, 290000, 295008, 300000], "eval_rewards": [2.5714666185984867, 2.5286338051973978, 2.534750058508931, 2.524395082084715, 2.54338237889917, 2.524395082084715, 2.5258079897889427, 2.5248597045793377, 2.5258079897889427, 2.524395082084715, 2.5272208974931702, 2.5634728350881035, 2.524395082084715, 2.5259628639538168, 2.5300467129016253, 2.524395082084715, 2.552962984499014, 2.545743571813002, 2.524395082084715, 2.524395082084715, 2.5286338051973978, 2.603324958915863, 2.569570048179277, 2.574390187510738, 2.524395082084715, 2.524395082084715, 2.5258079897889427, 2.5258079897889427, 2.524395082084715, 2.5261177381186912, 2.4846597519811113, 2.524395082084715, 2.524395082084715, 2.5300467129016253, 2.524395082084715, 2.5924672795563066, 2.524395082084715, 2.53287252831008, 2.6421526366525807, 2.5300467129016253, 2.524395082084715, 2.541969471194942, 2.5231370485453617, 2.8170079156083254, 2.524395082084715, 2.524395082084715, 2.5379833757509305, 2.524395082084715, 2.524395082084715, 2.5484145130565827, 2.5420481844783795, 2.524395082084715, 2.524395082084715, 2.524395082084715, 2.5286338051973978, 2.5258079897889427, 2.5300467129016253, 2.524395082084715, 2.5258079897889427, 2.5272208974931702], "eval_capitals": [1304.7352645124206, 1146.7399785753703, 1146.7399785753703, 1146.7399785753703, 1184.9646445278822, 1146.7399785753703, 1146.7399785753703, 1146.7399785753703, 1146.7399785753703, 1146.7399785753703, 1146.7399785753703, 1223.1893104803949, 1146.7399785753703, 1146.7399785753703, 1146.7399785753703, 1146.7399785753703, 1146.7399785753703, 1146.7399785753703, 1146.7399785753703, 1146.7399785753703, 1146.7399785753703, 1348.2264399961682, 1391.7176154799163, 945.6183400917844, 1146.7399785753703, 1146.7399785753703, 1146.7399785753703, 1146.7399785753703, 1146.7399785753703, 1146.7399785753703, 1146.7399785753703, 1146.7399785753703, 1146.7399785753703, 1146.7399785753703, 1146.7399785753703, 1147.630435856578, 1146.7399785753703, 1146.7399785753703, 886.5171938360482, 1146.7399785753703, 1146.7399785753703, 1223.1893104803942, 1146.7399785753703, 450.1751742030905, 1146.7399785753703, 1146.7399785753703, 857.9198650026271, 1146.7399785753703, 1146.7399785753703, 1146.7399785753703, 831.1098692212952, 1146.7399785753703, 1146.7399785753703, 1146.7399785753703, 1146.7399785753703, 1146.7399785753703, 1146.7399785753703, 1146.7399785753703, 1146.7399785753703, 1146.7399785753703], "eval_risky_frac": [0.05600000000000001, 0.0012, 0.013600000000000001, 0.0, 0.019600000000000003, 0.0, 0.0004, 0.0108, 0.0004, 0.0, 0.0008, 0.032400000000000005, 0.0, 0.004, 0.0016, 0.0, 0.0152, 0.009600000000000001, 0.0, 0.0, 0.0012, 0.0828, 0.07680000000000001, 0.1564, 0.0, 0.0, 0.0004, 0.0004, 0.0, 0.0076, 0.0172, 0.0, 0.0, 0.0016, 0.0, 0.12239999999999998, 0.0, 0.0024, 0.27160000000000006, 0.0016, 0.0, 0.0192, 0.0032, 0.6376, 0.0, 0.0, 0.12119999999999997, 0.0, 0.0, 0.0068000000000000005, 0.15080000000000002, 0.0, 0.0, 0.0, 0.0012, 0.0004, 0.0016, 0.0, 0.0004, 0.0008], "converged_capitals": [1146.7399785753703, 1146.7399785753703, 1146.7399785753703, 1146.7399785753703, 1146.7399785753703, 1146.7399785753703, 1146.7399785753703, 1146.7399785753703, 1146.7399785753703, 1146.7399785753703, 1146.7399785753703, 1146.7399785753703, 1146.7399785753703, 1146.7399785753703, 1146.7399785753703, 1146.7399785753703, 1146.7399785753703, 1146.7399785753703, 1146.7399785753703, 1146.7399785753703, 1146.7399785753703, 1146.7399785753703, 1146.7399785753703, 1146.7399785753703, 1146.7399785753703, 1146.7399785753703, 1146.7399785753703, 1146.7399785753703, 1146.7399785753703, 1146.7399785753703, 1146.7399785753703, 1146.7399785753703, 1146.7399785753703, 1146.7399785753703, 1146.7399785753703, 1146.7399785753703, 1146.7399785753703, 1146.7399785753703, 1146.7399785753703, 1146.7399785753703, 1146.7399785753703, 1146.7399785753703, 1146.7399785753703, 1146.7399785753703, 1146.7399785753703, 1146.7399785753703, 1146.7399785753703, 1146.7399785753703, 1146.7399785753703, 1146.7399785753703, 1146.7399785753703, 1146.7399785753703, 1146.7399785753703, 1146.7399785753703, 1146.7399785753703, 1146.7399785753703, 1146.7399785753703, 1146.7399785753703, 1146.7399785753703, 1146.7399785753703, 1146.7399785753703, 1146.7399785753703, 1146.7399785753703, 1146.7399785753703, 1146.7399785753703, 1146.7399785753703, 1146.7399785753703, 1146.7399785753703, 1146.7399785753703, 1146.7399785753703, 1146.7399785753703, 1146.7399785753703, 1146.7399785753703, 1146.7399785753703, 1146.7399785753703, 1146.7399785753703, 1146.7399785753703, 1146.7399785753703, 1146.7399785753703, 1146.7399785753703, 1146.7399785753703, 1146.7399785753703, 1146.7399785753703, 1146.7399785753703, 1146.7399785753703, 1146.7399785753703, 1146.7399785753703, 1146.7399785753703, 1146.7399785753703, 1146.7399785753703, 1146.7399785753703, 1146.7399785753703, 1146.7399785753703, 1146.7399785753703, 1146.7399785753703, 1146.7399785753703, 1146.7399785753703, 1146.7399785753703, 1146.7399785753703, 1146.7399785753703, 1223.1893104803949, 1223.1893104803942, 1146.7399785753703, 1146.7399785753703, 1223.1893104803949, 1146.7399785753703, 1146.7399785753703, 1146.7399785753703, 1146.7399785753703, 1146.7399785753703, 1146.7399785753703, 1223.1893104803949, 1223.1893104803942, 1146.7399785753703, 1146.7399785753703, 1146.7399785753703, 1223.1893104803949, 1146.7399785753703, 1146.7399785753703, 1146.7399785753703, 1146.7399785753703, 1146.7399785753703, 1223.1893104803949, 1146.7399785753703, 1146.7399785753703, 1146.7399785753703, 1146.7399785753703, 1146.7399785753703, 1146.7399785753703, 1146.7399785753703, 1146.7399785753703, 1146.7399785753703, 1146.7399785753703, 1223.1893104803949, 1391.7176154799156, 1223.1893104803949, 1146.7399785753703, 1146.7399785753703, 1223.1893104803942, 1146.7399785753703, 1146.7399785753703, 1146.7399785753703, 1223.189310480395, 1146.7399785753703, 1146.7399785753703, 1304.7352645124206, 1146.7399785753703, 1223.189310480395, 1146.7399785753703, 1146.7399785753703, 621.3025069106765, 1583.4653758349268, 1347.869323374493, 976.1221575141004, 804.299873439963, 382.9999397333157, 3220.509103316123, 3435.2097102038633, 804.299873439963, 1437.7272782661248, 1583.465375834927, 706.9041856405921, 1184.6507724971132, 621.3025069106765, 662.7226740380552, 1110.610099216043, 1263.6274906635863, 315.58222573240727, 382.99993973331567, 857.9198650026274, 706.9041856405922, 2332.28120835369, 621.3025069106765, 621.3025069106765, 1801.631716505517, 621.3025069106767, 662.7226740380552, 2049.85653077961, 621.3025069106766, 2049.856530779611, 662.7226740380553, 1484.498789845244, 2830.5255790864344, 706.9041856405922, 2830.5255790864353, 662.7226740380552, 1921.740497605885, 915.1145226694691, 1391.7176154799156, 1689.0297342239223, 1347.869323374493, 2049.8565307796107, 804.2998734399631, 336.62104078123434, 662.7226740380554, 277.3671905851236, 915.1145226694688, 662.7226740380552, 315.5822257324073, 754.0311313499652, 1146.7399785753703, 1146.7399785753703, 1146.7399785753703, 1146.7399785753703, 1146.7399785753703, 1146.7399785753703, 1146.7399785753703, 1146.7399785753703, 1146.7399785753703, 1146.7399785753703, 1146.7399785753703, 1146.7399785753703, 1146.7399785753703, 1146.7399785753703, 1146.7399785753703, 1146.7399785753703, 1146.7399785753703, 1146.7399785753703, 1146.7399785753703, 1146.7399785753703, 1146.7399785753703, 1146.7399785753703, 1146.7399785753703, 1146.7399785753703, 1146.7399785753703, 1146.7399785753703, 1146.7399785753703,