{"eval_steps": [5016, 10008, 15000, 20016, 25008, 30000, 35016, 40008, 45000, 50016, 55008, 60000, 65016, 70008, 75000, 80016, 85008, 90000, 95016, 100008, 105000, 110016, 115008, 120000, 125016, 130008, 135000, 140016, 145008, 150000, 155016, 160008, 165000, 170016, 175008, 180000, 185016, 190008, 195000, 200016, 205008, 210000, 215016, 220008, 225000, 230016, 235008, 240000, 245016, 250008, 255000, 260016, 265008, 270000, 275016, 280008, 285000, 290016, 295008, 300000], "eval_rewards": [2.524395082084715, 2.540091940996092, 2.5160725100242245, 2.5017695185967157, 2.684132365945862, 2.510575753372189, 2.5314596206058524, 2.531614494770727, 2.5231370485453617, 2.524395082084715, 2.517485417728452, 2.4748671515553147, 2.524395082084715, 2.4786983728344527, 2.524395082084715, 2.524395082084715, 2.4598469099645133, 2.518898325432679, 2.524395082084715, 2.514814476484871, 2.5747189760608453, 2.524395082084715, 2.6218121051969745, 2.524395082084715, 3.1235301741422576, 2.6515974083079086, 2.550892499694571, 2.5890816405514308, 2.5948665529108577, 2.524395082084715, 2.5385241591269905, 2.517485417728452, 2.517485417728452, 2.524395082084715, 2.5245499562495892, 2.535505389112943, 2.524395082084715, 2.589698584808929, 2.4804210288684287, 2.524395082084715, 2.524395082084715, 2.816717207498935, 2.524395082084715, 2.524395082084715, 2.514814476484871, 2.5652170837444404, 2.515743721474117, 2.510113683279565, 2.524395082084715, 2.517485417728452, 2.524395082084715, 2.5377307480822595, 2.5258079897889427, 2.8173176639380735, 2.5769633752505223, 2.5286338051973978, 2.777462987708314, 2.5710832617892994, 2.6188479034420054, 2.510885501701937], "eval_capitals": [1146.7399785753703, 1146.7399785753703, 1146.7399785753703, 1223.1893104803949, 1224.1391315803503, 1146.7399785753703, 1146.7399785753703, 1146.7399785753703, 1146.7399785753703, 1146.7399785753703, 1146.7399785753703, 1008.6595627645704, 1146.7399785753703, 1146.7399785753703, 1146.7399785753703, 1146.7399785753703, 1146.7399785753703, 1146.7399785753703, 1146.7399785753703, 1146.7399785753703, 1438.10820266258, 1146.7399785753703, 858.5860500181991, 1146.7399785753703, 1485.2580032607568, 1075.9035336155418, 1304.7352645124206, 1110.610099216043, 1304.735264512421, 1146.7399785753703, 1146.7399785753703, 1146.7399785753703, 1146.7399785753703, 1146.7399785753703, 1146.7399785753703, 1304.7352645124206, 1146.7399785753703, 1223.1893104803949, 1146.7399785753703, 1146.7399785753703, 1146.7399785753703, 754.4167635610189, 1146.7399785753703, 1146.7399785753703, 1146.7399785753703, 1041.1969680150403, 1223.1893104803949, 1041.1969680150403, 1146.7399785753703, 1146.7399785753703, 1146.7399785753703, 1184.9646445278822, 1146.7399785753703, 858.35862876276, 1304.7352645124206, 1146.7399785753703, 1147.630435856578, 754.6166455238076, 1484.4987898452437, 1146.7399785753703], "eval_risky_frac": [0.0, 0.008, 0.0012, 0.025600000000000005, 0.17679999999999998, 0.0032, 0.002, 0.005600000000000001, 0.0032, 0.0, 0.0016, 0.11400000000000002, 0.0, 0.008400000000000001, 0.0, 0.0, 0.024400000000000005, 0.002, 0.0, 0.0044, 0.1316, 0.0, 0.41519999999999996, 0.0, 0.5928, 0.2316, 0.0644, 0.27080000000000004, 0.0484, 0.0, 0.004, 0.0016, 0.0016, 0.0, 0.0036, 0.0636, 0.0, 0.0256, 0.016, 0.0, 0.0, 0.5984000000000002, 0.0, 0.0, 0.0044, 0.2676, 0.026000000000000002, 0.252, 0.0, 0.0016, 0.0, 0.018000000000000002, 0.0004, 0.6448, 0.054000000000000006, 0.0012, 0.3348, 0.4364, 0.1192, 0.0104], "converged_capitals": [228.66040594442697, 1921.7404976058845, 1041.19696801504, 1110.610099216043, 11.75746761608727, 2653.6177303935333, 1041.1969680150405, 435.76882031879467, 1041.1969680150403, 1184.6507724971127, 976.1221575141003, 804.299873439963, 1921.7404976058845, 857.9198650026271, 730.274173087556, 1110.6100992160432, 1801.6317165055175, 2332.2812083536896, 1184.6507724971125, 1801.6317165055168, 1689.0297342239226, 976.1221575141002, 1437.7272782661253, 1041.1969680150403, 347.74960623216947, 2332.28120835369, 2186.5136328315843, 268.62829308324547, 286.53684595546184, 1041.1969680150405, 165.59505058674733, 621.3025069106766, 706.9041856405925, 601.7273765064699, 1184.6507724971134, 347.74960623216947, 236.09908571769625, 976.1221575141004, 3019.2272843588635, 1110.610099216043, 1689.0297342239223, 1110.6100992160432, 305.63930235249273, 564.1194154748155, 347.7496062321694, 2186.5136328315853, 2332.281208353691, 1041.1969680150403, 1184.650772497113, 89.719223175042, 1146.7399785753703, 1146.7399785753703, 1146.7399785753703, 1146.7399785753703, 1146.7399785753703, 1146.7399785753703, 1146.7399785753703, 1146.7399785753703, 1146.7399785753703, 1146.7399785753703, 1146.7399785753703, 1146.7399785753703, 1146.7399785753703, 1146.7399785753703, 1146.7399785753703, 1146.7399785753703, 1146.7399785753703, 1146.7399785753703, 1146.7399785753703, 1146.7399785753703, 1146.7399785753703, 1146.7399785753703, 1146.7399785753703, 1146.7399785753703, 1146.7399785753703, 1146.7399785753703, 1146.7399785753703, 1146.7399785753703, 1146.7399785753703, 1146.7399785753703, 1146.7399785753703, 1146.7399785753703, 1146.7399785753703, 1146.7399785753703, 1146.7399785753703, 1146.7399785753703, 1146.7399785753703, 1146.7399785753703, 1146.7399785753703, 1146.7399785753703, 1146.7399785753703, 1146.7399785753703, 1146.7399785753703, 1146.7399785753703, 1146.7399785753703, 1146.7399785753703, 1146.7399785753703, 1146.7399785753703, 1146.7399785753703, 1146.7399785753703, 1146.7399785753703, 1146.7399785753703, 1146.7399785753703, 1146.7399785753703, 1146.7399785753703, 1146.7399785753703, 1146.7399785753703, 1146.7399785753703, 1146.7399785753703, 1146.7399785753703, 1146.7399785753703, 1146.7399785753703, 1146.7399785753703, 1146.7399785753703, 546.066656464462, 1146.7399785753703, 1146.7399785753703, 1146.7399785753703, 1146.7399785753703, 1146.7399785753703, 1146.7399785753703, 1146.7399785753703, 1146.7399785753703, 1146.7399785753703, 1223.189310480395, 1146.7399785753703, 1146.7399785753703, 1146.7399785753703, 1146.7399785753703, 1146.7399785753703, 1146.7399785753703, 1146.7399785753703, 1146.7399785753703, 1146.7399785753703, 1146.7399785753703, 1146.7399785753703, 1146.7399785753703, 1146.7399785753703, 1146.7399785753703, 1223.189310480395, 1146.7399785753703, 1146.7399785753703, 1146.7399785753703, 1146.7399785753703, 1146.7399785753703, 1146.7399785753703, 1146.7399785753703, 1146.7399785753703, 1146.7399785753703, 1223.189310480395, 1146.7399785753703, 1146.7399785753703, 1146.7399785753703, 1146.7399785753703, 1146.7399785753703, 1146.7399785753703, 1146.7399785753703, 1146.7399785753703, 1146.7399785753703, 1146.7399785753703, 1146.7399785753703, 1146.7399785753703, 1146.7399785753703, 1146.7399785753703, 1146.7399785753703, 1146.7399785753703, 1146.7399785753703, 1146.7399785753703, 1146.7399785753703, 1146.7399785753703, 1146.7399785753703, 1146.7399785753703, 1146.7399785753703, 1146.7399785753703, 1146.7399785753703, 1146.7399785753703, 1146.7399785753703, 1146.7399785753703, 1146.7399785753703, 1146.7399785753703, 1146.7399785753703, 1146.7399785753703, 1146.7399785753703, 1146.7399785753703, 1146.7399785753703, 1146.7399785753703, 1146.7399785753703, 1146.7399785753703, 1146.7399785753703, 1146.7399785753703, 1146.7399785753703, 1146.7399785753703, 1146.7399785753703, 1146.7399785753703, 1146.7399785753703, 1146.7399785753703, 1146.7399785753703, 1146.7399785753703, 1146.7399785753703, 1146.7399785753703, 1223.189310480395, 1146.7399785753703, 1146.7399785753703, 1146.7399785753703, 1223.1893104803949, 1391.7176154799163, 1223.189310480395, 1223.189310480395, 1223.1893104803942, 1146.7399785753703, 1146.7399785753703, 546.066656464462, 1146.7399785753703, 621.3025069106766, 1304.7352645124208, 1304.7352645124206, 1223.1893104803949, 1304.7352645124206, 1223.1893104803949, 1146.7399785753703, 1223.1893104803949, 1146.7399785753703, 1223.1893104803949, 1223.1893104803942, 1146.7399785753703, 1146.7399785753703, 1223.1893104803942, 