{"label": "IQN", "seed": 0, "eval_steps": [5008, 10000, 15008, 20000, 25008, 30000, 35008, 40000, 45008, 50000, 55008, 60000, 65008, 70000, 75008, 80000, 85008, 90000, 95008, 100000, 105008, 110000, 115008, 120000, 125008, 130000, 135008, 140000, 145008, 150000, 155008, 160000, 165008, 170000, 175008, 180000, 185008, 190000, 195008, 200000, 205008, 210000, 215008, 220000, 225008, 230000, 235008, 240000, 245008, 250000, 255008, 260000, 265008, 270000, 275008, 280000, 285008, 290000, 295008, 300000], "eval_rewards": [2.520620981466655, 2.524395082084715, 2.516692006683721, 2.524395082084715, 2.6034988733010973, 2.524395082084715, 2.5049241225552787, 2.469951811122059, 2.524395082084715, 2.5289435535271463, 2.541969471194942, 2.512822704963865, 2.524395082084715, 2.5298537582960328, 2.524395082084715, 2.524395082084715, 2.524395082084715, 2.524395082084715, 2.524395082084715, 2.524395082084715, 2.5637825834178525, 2.521724140841134, 2.524395082084715, 2.524395082084715, 2.524395082084715, 2.5300467129016253, 2.524395082084715, 2.5427628822396726, 2.524395082084715, 2.524395082084715, 2.524395082084715, 2.524395082084715, 2.524395082084715, 2.524395082084715, 2.5272208974931702, 2.495498391120309, 2.524395082084715, 2.524395082084715, 2.524395082084715, 2.8660521834227444, 2.5462081943076247, 2.4684030694733154, 2.524395082084715, 2.5258079897889427, 2.712390520030412, 2.5016743174949196, 2.524395082084715, 2.935534736196563, 2.524395082084715, 2.545898445977876, 2.524395082084715, 2.5258079897889427, 2.53287252831008, 2.5952169340833247, 2.5406923974352296, 2.6106421251056715, 2.524395082084715, 2.524395082084715, 2.50649190442438, 2.524395082084715], "eval_capitals": [1146.7399785753703, 1146.7399785753703, 1146.7399785753703, 1146.7399785753703, 1304.735264512421, 1146.7399785753703, 1146.7399785753703, 945.6183400917845, 1146.7399785753703, 1146.7399785753703, 1223.1893104803944, 886.5171938360484, 1146.7399785753703, 1304.7352645124208, 1146.7399785753703, 1146.7399785753703, 1146.7399785753703, 1146.7399785753703, 1146.7399785753703, 1146.7399785753703, 1223.1893104803949, 1146.7399785753703, 1146.7399785753703, 1146.7399785753703, 1146.7399785753703, 1146.7399785753703, 1146.7399785753703, 1146.7399785753703, 1146.7399785753703, 1146.7399785753703, 1146.7399785753703, 1146.7399785753703, 1146.7399785753703, 1146.7399785753703, 1146.7399785753703, 1146.7399785753703, 1146.7399785753703, 1146.7399785753703, 1146.7399785753703, 695.9488765540198, 1223.1893104803942, 817.5947996320136, 1146.7399785753703, 1146.7399785753703, 1041.1969680150405, 754.0311313499653, 1146.7399785753703, 886.517193836048, 1146.7399785753703, 1146.7399785753703, 1146.7399785753703, 1146.7399785753703, 1146.7399785753703, 804.2998734399632, 1223.1893104803942, 779.1655023949642, 1146.7399785753703, 1146.7399785753703, 1146.7399785753703, 1146.7399785753703], "eval_risky_frac": [0.0096, 0.0, 0.015600000000000001, 0.0, 0.054400000000000004, 0.0, 0.0016, 0.1944, 0.0, 0.008400000000000001, 0.0192, 0.1852, 0.0, 0.062, 0.0, 0.0, 0.0, 0.0, 0.0, 0.0, 0.0396, 0.0028000000000000004, 0.0, 0.0, 0.0, 0.0016, 0.0, 0.0052, 0.0, 0.0, 0.0, 0.0, 0.0, 0.0, 0.0008, 0.009600000000000003, 0.0, 0.0, 0.0, 0.5448000000000001, 0.0204, 0.15839999999999999, 0.0, 0.0004, 0.1848, 0.18560000000000007, 0.0, 0.408, 0.0, 0.0132, 0.0, 0.0004, 0.0024, 0.2512, 0.054400000000000004, 0.18800000000000006, 0.0, 0.0, 0.005600000000000001, 0.0], "converged_capitals": [1802.5531204017955, 754.0311313499653, 435.76882031879467, 706.9041856405925, 778.9591179600602, 2187.631875900965, 408.5332690488702, 754.0311313499654, 408.53326904887007, 315.58222573240727, 315.5822257324073, 1862.1448510096732, 3020.7714000391506, 315.5822257324073, 315.5822257324073, 976.1221575141002, 2187.631875900964, 754.0311313499654, 976.6213731700735, 4594.026939392026, 8759.529379149502, 2831.9731875367042, 528.8619520076398, 422.0392258153973, 1689.8935503766827, 7698.805118393116, 528.8619520076398, 1922.7233284285828, 1347.869323374493, 730.2741730875563, 915.1145226694688, 564.1194154748157, 22324.731231908838, 4306.900255680025, 706.9041856405922, 7217.629798493546, 1584.2752034781413, 1305.4025419283992, 2187.6318759009646, 382.99993973331556, 1041.19696801504, 564.1194154748157, 464.8200750067144, 778.9591179600595, 5226.981762152706, 857.9198650026273, 945.3678658264903, 754.0311313499654, 1041.1969680150405, 857.9198650026271, 1146.7399785753703, 1146.7399785753703, 1146.7399785753703, 1146.7399785753703, 1146.7399785753703, 1146.7399785753703, 1146.7399785753703, 1146.7399785753703, 1146.7399785753703, 1146.7399785753703, 1146.7399785753703, 1146.7399785753703, 1146.7399785753703, 1146.7399785753703, 1146.7399785753703, 1146.7399785753703, 1146.7399785753703, 1146.7399785753703, 1146.7399785753703, 1146.7399785753703, 1146.7399785753703, 1146.7399785753703, 1146.7399785753703, 1146.7399785753703, 1146.7399785753703, 1146.7399785753703, 1146.7399785753703, 1146.7399785753703, 1146.7399785753703, 1146.7399785753703, 1146.7399785753703, 1146.7399785753703, 1146.7399785753703, 1146.7399785753703, 1146.7399785753703, 1146.7399785753703, 1146.7399785753703, 1146.7399785753703, 1146.7399785753703, 1146.7399785753703, 1146.7399785753703, 1146.7399785753703, 1146.7399785753703, 1146.7399785753703, 1146.7399785753703, 1146.7399785753703, 1146.7399785753703, 1146.7399785753703, 1146.7399785753703, 1146.7399785753703, 1146.7399785753703, 1146.7399785753703, 1146.7399785753703, 1304.7352645124206, 1146.7399785753703, 1304.7352645124206, 546.066656464462, 1146.7399785753703, 1304.7352645124206, 1146.7399785753703, 1146.7399785753703, 1391.7176154799158, 1146.7399785753703, 1223.1893104803949, 1223.1893104803949, 1223.1893104803942, 1223.189310480395, 1223.1893104803942, 1146.7399785753703, 1146.7399785753703, 1146.7399785753703, 1304.7352645124208, 1146.7399785753703, 1146.7399785753703, 1146.7399785753703, 1146.7399785753703, 1146.7399785753703, 1146.7399785753703, 1146.7399785753703, 1146.7399785753703, 1146.7399785753703, 1304.7352645124206, 1146.7399785753703, 1223.1893104803949, 1304.7352645124206, 546.066656464462, 1223.189310480395, 1146.7399785753703, 1146.7399785753703, 1484.4987898452437, 1146.7399785753703, 1146.7399785753703, 1146.7399785753703, 1146.7399785753703, 1146.7399785753703, 1146.7399785753703, 1391.7176154799158, 1223.1893104803949, 1223.1893104803949, 1146.7399785753703, 1146.7399785753703, 1146.7399785753703, 1146.7399785753703, 1146.7399785753703, 1146.7399785753703, 1146.7399785753703, 1146.7399785753703, 1146.7399785753703, 1146.7399785753703, 1146.7399785753703, 1146.7399785753703, 1146.7399785753703, 1146.7399785753703, 1146.7399785753703, 1146.7399785753703, 1146.7399785753703, 1146.7399785753703, 1146.7399785753703, 1146.7399785753703, 1146.7399785753703, 1146.7399785753703, 1146.7399785753703, 1146.7399785753703, 1146.7399785753703, 1146.7399785753703, 1146.7399785753703, 1146.7399785753703, 1146.7399785753703, 1146.7399785753703, 1146.7399785753703, 1146.7399785753703, 1146.7399785753703, 1146.7399785753703, 1146.7399785753703, 1146.7399785753703, 1146.7399785753703, 1146.7399785753703, 1146.7399785753703, 1146.7399785753703, 1146.7399785753703, 1146.7399785753703, 1146.7399785753703, 1146.7399785753703, 1146.7399785753703, 1146.7399785753703, 1146.7399785753703, 1146.7399785753703, 1146.7399785753703, 1146.7399785753703, 1146.7399785753703, 1146.7399785753703, 1146.7399785753703, 1146.7399785753703, 1146.7399785753703, 1146.7399785753703, 1146.7399785753703, 1146.7399785753703, 1146.7399785753703, 1146.7399785753703, 1146.7399785753703, 1146.7399785753703, 1223.1893104803949, 1146.7399785753703, 1146.7399785753703, 1146.7399785753703, 1146.7399785753703, 1146.7399785753703, 1146.7399785753703, 1146.7399785753703, 1146.7399785753703, 1146.7399785753703, 1146.7399785753703, 1146.7399785753703, 1146.7399785753703, 1146.7399785753703, 1146.7399785753703, 1146.7399785753703, 1146.7399785753703, 