{"eval_steps": [5000, 10000, 15000, 20000, 25000, 30000, 35000, 40000, 45000, 50000, 55000, 60000, 65000, 70000, 75000, 80000, 85000, 90000, 95000, 100000, 105000, 110000, 115000, 120000, 125000, 130000, 135000, 140000, 145000, 150000, 155000, 160000, 165000, 170000, 175000, 180000, 185000, 190000, 195000, 200000, 205000, 210000, 215000, 220000, 225000, 230000, 235000, 240000, 245000, 250000, 255000, 260000, 265000, 270000, 275000, 280000, 285000, 290000, 295000, 300000], "eval_rewards": [4.9136694615770145, 4.939508208471602, 4.942198978894353, 4.499696655506716, 2.579483565677245, 1.535133854021868, 3.936625764671293, 4.890521485105178, 4.939508208471602, 4.919051002422517, 4.5879759778814835, 4.04104970958257, 4.846916302584257, 4.939508208471602, 4.823768326112421, 4.939508208471602, 4.887830714682427, 0.4940277685461409, 4.846916302584258, 4.901284566796184, 2.1574384483386924, 4.9136694615770145, 4.9136694615770145, 4.92443254326802, 4.906666107641686, 4.939508208471602, 0.4778831460096318, 4.939508208471602, -4.90752306065993, 4.0324245425574174, -4.6631422995847105, 4.939508208471602, 4.872755049478845, 4.91473841890994, 1.4360914499560942, 3.9350039515814683, -16.394264177355282, 4.919051002422517, 4.939508208471602, 4.512081550287546, 3.597994530438034, 2.9024862789500236, 4.919051002422517, 3.2211764087102264, 4.096486931127423, 4.939508208471602, 4.939508208471602, 4.788235454859755, 4.642897097850309, 4.939508208471602, 4.916360231999765, 1.482903504475795, 4.226233521357258, 4.939508208471602, 4.596601144906637, 4.9136694615770145, 4.746252085428659, 4.916360231999766, 4.661732490809569, -0.584233001272078], "eval_capitals": [1134.7265121331523, 1146.7399785753705, 1148.2689652134711, 980.7766266707852, 441.8833143823834, 218.32530383317274, 763.4894083158662, 1124.2420323290346, 1146.7399785753705, 1137.7844854093535, 991.2117351149786, 765.0869772938292, 1104.8020593588997, 1146.7399785753705, 1093.5166817919676, 1146.7399785753705, 1122.7130456909342, 167.1326261260951, 1104.8020593588997, 1130.3579788814366, 368.02884834476225, 1134.7265121331523, 1134.7265121331523, 1140.8424586855542, 1133.4159521576375, 1146.7399785753705, 372.7763841313652, 1146.7399785753705, 204.4033390184398, 753.1893116536801, 308.91153543127155, 1146.7399785753705, 1116.9174582436578, 1138.104844514479, 474.0184070200344, 742.8726125839436, 66.12764409950434, 1136.9835876465388, 1146.7399785753705, 975.1932251243067, 885.7528726373953, 835.041541102462, 1137.7844854093532, 688.4368754106182, 800.4825815527956, 1146.7399785753705, 1146.7399785753705, 1079.4645664989487, 1015.3338049457858, 1146.7399785753705, 1136.2554987712529, 291.8707056676558, 857.3055585409202, 1146.7399785753705, 993.2949013998682, 1134.7265121331523, 1056.6753847024986, 1136.2554987712529, 1024.4834551452127, 132.89262491374268], "eval_risky_frac": [0.0004, 0.0, 0.0004, 0.0152, 0.086, 0.12159999999999999, 0.024800000000000003, 0.0012, 0.0, 0.0012, 0.015600000000000001, 0.027600000000000003, 0.0032, 0.0, 0.004, 0.0, 0.0008, 0.1492, 0.0032, 0.0027999999999999995, 0.0996, 0.0004, 0.0004, 0.002, 0.0036, 0.0, 0.14679999999999999, 0.0, 0.33440000000000003, 0.034800000000000005, 0.3368, 0.0, 0.0028000000000000004, 0.0048, 0.11960000000000001, 0.0288, 0.7091999999999998, 0.0012, 0.0, 0.0128, 0.0508, 0.0704, 0.0012, 0.05840000000000001, 0.0316, 0.0, 0.0, 0.0072, 0.0068, 0.0, 0.0008, 0.1308, 0.0212, 0.0, 0.008400000000000001, 0.0004, 0.0052, 0.0008, 0.009600000000000001, 0.184]}