{"eval_steps": [5016, 10008, 15000, 20016, 25008, 30000, 35016, 40008, 45000, 50016, 55008, 60000, 65016, 70008, 75000, 80016, 85008, 90000, 95016, 100008, 105000, 110016, 115008, 120000, 125016, 130008, 135000, 140016, 145008, 150000, 155016, 160008, 165000, 170016, 175008, 180000, 185016, 190008, 195000, 200016, 205008, 210000, 215016, 220008, 225000, 230016, 235008, 240000, 245016, 250008, 255000, 260016, 265008, 270000, 275016, 280008, 285000, 290016, 295008, 300000], "eval_rewards": [2.5286338051973978, 2.5385241591269905, 2.5300467129016253, 2.578085574845361, 2.524395082084715, 2.5258079897889427, 2.524395082084715, 2.5234467968751106, 2.517485417728452, 2.518898325432679, 2.524395082084715, 2.5177951660582, 2.5272208974931702, 2.514330813769889, 2.524395082084715, 2.517776125837841, 2.5258079897889427, 2.5272208974931702, 2.5499822949256847, 2.524395082084715, 2.524395082084715, 2.524395082084715, 2.531459620605853, 2.5160725100242245, 2.5477759761767267, 2.524395082084715, 2.5690483050235766, 2.524395082084715, 2.5791316135587614, 2.4981502921435306, 2.524395082084715, 2.524395082084715, 2.524395082084715, 2.524395082084715, 2.535698343718535, 2.524395082084715, 2.5158605151982716, 2.524395082084715, 2.542762882239673, 2.531459620605853, 2.543211016915935, 2.516227384189099, 2.7284352077122547, 2.421195699015029, 2.5022531813116977, 2.471286005542848, 2.534440310179182, 2.524395082084715, 2.524395082084715, 2.524395082084715, 2.524395082084715, 2.541349974535445, 2.524395082084715, 2.5775447914693, 2.5771779224784734, 2.524395082084715, 2.5455886976481277, 2.5300467129016253, 2.5972087056043303, 2.587880727673158], "eval_capitals": [1146.7399785753703, 1146.7399785753703, 1146.7399785753703, 1223.1893104803942, 1146.7399785753703, 1146.7399785753703, 1146.7399785753703, 1146.7399785753703, 1146.7399785753703, 1146.7399785753703, 1146.7399785753703, 1146.7399785753703, 1146.7399785753703, 1223.1893104803942, 1146.7399785753703, 1223.1893104803949, 1146.7399785753703, 1146.7399785753703, 1146.7399785753703, 1146.7399785753703, 1146.7399785753703, 1146.7399785753703, 1146.7399785753703, 1146.7399785753703, 1223.1893104803949, 1146.7399785753703, 945.6183400917848, 1146.7399785753703, 1391.717615479916, 1223.1893104803942, 1146.7399785753703, 1146.7399785753703, 1146.7399785753703, 1146.7399785753703, 1146.7399785753703, 1146.7399785753703, 1348.2264399961682, 1146.7399785753703, 1146.7399785753703, 1146.7399785753703, 754.6166455238076, 1146.7399785753703, 1533.9820828400855, 1223.1893104803944, 1146.7399785753703, 1304.7352645124206, 1146.7399785753703, 1146.7399785753703, 1146.7399785753703, 1146.7399785753703, 1146.7399785753703, 1146.7399785753703, 1146.7399785753703, 1391.7176154799163, 1041.1969680150405, 1146.7399785753703, 1146.7399785753703, 1146.7399785753703, 1348.2264399961682, 1041.1969680150405], "eval_risky_frac": [0.0012, 0.004, 0.0016, 0.0152, 0.0, 0.0004, 0.0, 0.0104, 0.0016, 0.002, 0.0, 0.0088, 0.0008, 0.025599999999999998, 0.0, 0.0408, 0.0004, 0.0008, 0.0108, 0.0, 0.0, 0.0, 0.002, 0.0012, 0.024400000000000005, 0.0, 0.162, 0.0, 0.1044, 0.0388, 0.0, 0.0, 0.0, 0.0, 0.0032, 0.0, 0.09359999999999999, 0.0, 0.0052, 0.002, 0.30760000000000004, 0.0048000000000000004, 0.136, 0.06680000000000001, 0.0044, 0.0632, 0.006400000000000001, 0.0, 0.0, 0.0, 0.0, 0.0048, 0.0, 0.1324, 0.2212, 0.0, 0.006000000000000001, 0.0016, 0.0704, 0.17800000000000002], "converged_capitals": [1146.7399785753703, 1146.7399785753703, 1146.7399785753703, 1146.7399785753703, 1146.7399785753703, 1146.7399785753703, 1146.7399785753703, 1146.7399785753703, 1146.7399785753703, 1146.7399785753703, 1146.7399785753703, 1146.7399785753703, 1146.7399785753703, 1146.7399785753703, 1146.7399785753703, 1146.7399785753703, 1146.7399785753703, 1146.7399785753703, 1146.7399785753703, 1146.7399785753703, 1146.7399785753703, 1146.7399785753703, 1146.7399785753703, 1146.7399785753703, 1146.7399785753703, 1146.7399785753703, 1146.7399785753703, 1146.7399785753703, 1146.7399785753703, 1146.7399785753703, 1146.7399785753703, 1146.7399785753703, 1146.7399785753703, 1146.7399785753703, 1146.7399785753703, 1146.7399785753703, 1146.7399785753703, 1146.7399785753703, 1146.7399785753703, 1146.7399785753703, 1146.7399785753703, 1146.7399785753703, 1146.7399785753703, 1146.7399785753703, 1146.7399785753703, 1146.7399785753703, 1146.7399785753703, 1146.7399785753703, 1146.7399785753703, 1146.7399785753703, 1146.7399785753703, 1146.7399785753703, 1146.7399785753703, 1146.7399785753703, 1146.7399785753703, 1146.7399785753703, 1146.7399785753703, 1146.7399785753703, 1146.7399785753703, 1146.7399785753703, 1146.7399785753703, 1146.7399785753703, 1146.7399785753703, 1146.7399785753703, 1146.7399785753703, 1146.7399785753703, 1146.7399785753703, 1146.7399785753703, 1146.7399785753703, 1146.7399785753703, 1146.7399785753703, 1146.7399785753703, 1146.7399785753703, 1146.7399785753703, 1146.7399785753703, 1146.7399785753703, 1146.7399785753703, 1146.7399785753703, 1146.7399785753703, 1146.7399785753703, 1146.7399785753703, 1146.7399785753703, 1146.7399785753703, 1146.7399785753703, 1146.7399785753703, 1146.7399785753703, 1146.7399785753703, 1146.7399785753703, 1146.7399785753703, 1146.7399785753703, 1146.7399785753703, 1146.7399785753703, 1146.7399785753703, 1146.7399785753703, 1146.7399785753703, 1146.7399785753703, 1146.7399785753703, 1146.7399785753703, 1146.7399785753703, 1146.7399785753703, 1146.7399785753703, 1146.7399785753703, 1146.7399785753703, 1146.7399785753703, 1146.7399785753703, 1146.7399785753703, 1146.7399785753703, 1146.7399785753703, 1146.7399785753703, 1146.7399785753703, 1146.7399785753703, 1146.7399785753703, 1146.7399785753703, 1146.7399785753703, 1146.7399785753703, 1146.7399785753703, 1146.7399785753703, 1146.7399785753703, 1146.7399785753703, 1146.7399785753703, 1146.7399785753703, 1146.7399785753703, 1146.7399785753703, 1146.7399785753703, 1146.7399785753703, 1146.7399785753703, 1146.7399785753703, 1146.7399785753703, 1146.7399785753703, 1146.7399785753703, 1146.7399785753703, 1146.7399785753703, 1146.7399785753703, 1146.7399785753703, 1146.7399785753703, 1146.7399785753703, 1146.7399785753703, 1146.7399785753703, 1146.7399785753703, 1146.7399785753703, 1146.7399785753703, 1146.7399785753703, 1146.7399785753703, 1146.7399785753703, 1146.7399785753703, 1146.7399785753703, 1146.7399785753703, 1146.7399785753703, 1146.7399785753703, 1146.7399785753703, 1146.7399785753703, 1146.7399785753703, 1146.7399785753703, 1146.7399785753703, 1146.7399785753703, 1146.7399785753703, 1146.7399785753703, 1146.7399785753703, 1146.7399785753703, 1146.7399785753703, 1146.7399785753703, 1146.7399785753703, 1146.7399785753703, 1146.7399785753703, 1146.7399785753703, 1146.7399785753703, 1146.7399785753703, 1146.7399785753703, 1146.7399785753703, 1146.7399785753703, 1146.7399785753703, 1146.7399785753703, 1146.7399785753703, 1146.7399785753703, 1146.7399785753703, 1146.7399785753703, 1146.7399785753703, 1146.7399785753703, 1146.7399785753703, 1146.7399785753703, 1146.7399785753703, 1146.7399785753703, 1146.7399785753703, 1146.7399785753703, 1146.7399785753703, 1146.7399785753703, 1146.7399785753703, 1146.7399785753703, 1146.7399785753703, 1146.7399785753703, 1146.7399785753703, 1146.7399785753703, 1146.7399785753703, 1146.7399785753703, 1146.7399785753703, 1146.7399785753703, 1146.7399785753703, 1146.7399785753703, 1146.7399785753703, 1146.7399785753703, 1146.7399785753703, 1223.1893104803949, 1146.7399785753703, 1223.1893104803942, 1146.7399785753703, 1146.7399785753703, 1146.7399785753703, 1223.1893104803949, 1223.1893104803942, 1146.7399785753703, 1146.7399785753703, 1146.7399785753703, 1146.7399785753703, 1146.7399785753703, 1146.7399785753703, 1146.7399785753703, 1304.7352645124206, 1146.7399785753703, 1146.7399785753703, 1223.1893104803949, 1146.7399785753703, 1146.7399785753703, 1146.7399785753703, 1146.7399785753703, 1146.7399785753703, 1146.7399785753703, 1146.7399785753703, 